app_id,name,developer,genre,price,bundle_id,storefronts,reach_pct,median_rank,best_rank,top10_storefronts,ratings_total,ratings_max,score
1499198946,Structured: Daily Planner Todo,unorderly GmbH,Productivity,0.0,com.leomehlig.today,52,98.1,2.0,1,51,523362,165452,66.24
1438388363,Habit Tracker,Inner Grow Limited,Productivity,0.0,com.davetech.habit,52,98.1,3.5,1,52,500561,146477,46.1
1450486923,"Routine Planner, Habit Tracker",Routinery Corp.,Productivity,0.0,com.alt.goodmorning,52,98.1,3.0,1,51,41505,17825,39.15
1596403446,Me+ Lifestyle Routine,ENERJOY PTE. LTD.,Health & Fitness,0.0,alarm.smart.awake.sleep.health,52,98.1,4.0,1,51,517486,247686,28.6
1597753705,That Girl: Routine Planner,Solowei Group LTD,Productivity,0.0,danylosolowei-thatgirl,51,96.2,5,1,51,17893,5816,27.26
1632352471,Digital Planner – Task Journal,"TULSTAIL, OOO",Productivity,0.0,com.softwings.DigitalPlanner,52,98.1,6.0,1,47,30998,14299,24.12
1669790177,Daily Planner: Routine & Tasks,"SHPAVDA, TOO",Lifestyle,0.0,com.shpavda.daily-routine-planner,51,96.2,7,1,42,560,139,23.42
1589243137,Eden: Daily Routine Planner,Millefeuille Agency,Health & Fitness,0.0,com.mfagency.nurture,49,92.5,9,3,31,17346,3974,9.08
6472804752,"Daily Planner, To-Do List",jinal alagiya,Productivity,0.0,com.planner.journal,50,94.3,12.0,2,21,16033,11013,7.69
1480220328,Tiimo: To-Do List Planner,tiimo ApS,Productivity,0.0,com.tiimo.app,52,98.1,12.0,6,12,54141,19414,5.4
608834326,Calendars: Schedule Planner,Readdle Technologies Limited,Productivity,0.0,com.readdle.CalendarsLite,51,96.2,13,5,15,517096,121473,5.37
1518956326,MyRoutine: Organize your day,"Minding. co., Ltd.",Productivity,0.0,com.minding.myroutine,43,81.1,13,5,13,37378,24869,5.01
993066159,To Do List MinimaList & Widget,Inner Grow Limited,Productivity,0.0,com.davetech.todo,52,98.1,14.0,2,9,227393,115689,4.99
1528595748,Finch: Self-Care Pet,Finch Care Public Benefit Corporation,Health & Fitness,0.0,com.finch.finch,52,98.1,13.0,7,12,1005848,749140,4.98
6475956795,Dear Me: Daily Routine Tracker,Fitself Dijital Hizmetler Anonim Sirketi,Health & Fitness,0.0,com.kompanion.habit.ios,47,88.7,19,4,8,60207,13299,3.74
1476033780,TimeBloc - Daily Planner,"Kodeon, Inc.",Productivity,0.0,com.foruslabs.timebloc,51,96.2,16,6,3,11270,7396,3.49
983826477,Productive - Habit Tracker,Mosaic S.r.l.,Productivity,0.0,com.beHappy.Productive,50,94.3,22.0,6,5,254189,91084,3.03
626144601,TickTick:To-Do List & Calendar,Appest Limited,Productivity,0.0,com.TickTick.task,45,84.9,24,6,8,156115,45569,2.96
6504358342,Hour: Daily Routine Planner,Dmytro Stepanenko,Lifestyle,0.0,company.uapp.hour,36,67.9,19.5,6,7,133,92,2.62
6502995200,Mindway: Daily Routine Planner,DEEP FLOW SOFTWARE SERVICES - FZCO,Health & Fitness,0.0,com.codespaceapps.routineplanner,42,79.2,20.0,9,2,3161,2060,2.31
1540983473,2026 Planner & Agenda - Floret,Akash Jain,Productivity,0.0,elegantplanner.app,47,88.7,23,10,1,25314,7892,2.25
1203637303,Fabulous: Daily Habit Tracker,Fabulous,Health & Fitness,0.0,co.thefabulous.app,41,77.4,27,8,3,212924,88884,2.03
1385049326,Daily Planner — Task Checklist,MATVEY KONDAKOV,Productivity,0.0,com.tappsk.ios,41,77.4,26,7,1,44450,32099,1.82
1585939051,Cute Calendar: 日记 我要做计划 计划 做计划,VU HO NGOC,Productivity,0.0,com.vustar.calendar,35,66.0,30,4,2,31583,14722,1.73
1409190654,Gym Day：力量训练的健身记录和健身计划,Anthony Ng,Health & Fitness,0.0,com.anthonyng.workoutapp,37,69.8,22,13,0,4106,2012,1.68
497328576,Any.do: To do list & Planner,Any.DO inc.,Productivity,0.0,com.anydo.AnyDO,41,77.4,26,14,0,123401,50420,1.61
6771028828,Time Blocking: Day Planner,Phuc Pham,Productivity,0.0,com.levi.timeblock,31,58.5,23,12,0,1,1,1.4
6446997766,Grit: Daily Habit Tracker,GrittyApps,Productivity,0.0,stoope.Grit,35,66.0,30,13,0,69585,19658,1.34
6740321886,Daily Routine Planner - DayMap,Jayeshbhai Kavathiya,Productivity,0.0,com.daily.planner.task.habit.checklist.maker,26,49.1,26.0,8,1,568,378,1.28
1512605216,Rabit - Daily Routine Planner,GARJ APLICATIVOS LTDA,Health & Fitness,0.0,com.bluebookapple.rabit,32,60.4,31.0,9,1,4829,4141,1.26
1103961876,Do Habits: Get It Done,"Kodeon, Inc.",Productivity,0.0,com.tbd.Done,33,62.3,32,11,0,24957,16841,1.24
1608488021,Routin Route Planner,ROUTIN BILGI TEKNOLOJILERI ANONIM SIRKETI,Navigation,0.0,tr.com.routin.mobile,26,49.1,22.5,14,0,391,107,1.13
6504418130,Morning Routine,Cijay LLC,Productivity,0.0,com.chijindu.Todo,22,41.5,29.5,10,1,50,12,0.99
1476563238,Ultiself Daily Routine Planner,Ultiself Corporation,Health & Fitness,0.0,com.nekritin.ultiself,22,41.5,31.0,5,1,5326,837,0.99
449810000,JEFIT Gym Workout Planner,Jefit Inc.,Health & Fitness,0.0,com.Jefit.JEFIT,31,58.5,31,19,0,21996,6129,0.99
1519999420,"Daily Planner, Schedule: Brite",Brite Technologies LLC,Productivity,0.0,io.konveier.timo,22,41.5,33.5,4,1,12253,5901,0.98
571588936,Planner Pro - Daily Planner,"Hangzhou Beesoft Information Technology Co., Ltd.",Productivity,0.0,com.btgs.plannerfree,25,47.2,27,15,0,19556,13234,0.95
1527382961,ルーチン: かわいい習慣日記todoリストアプリ,Roubit Inc.,Productivity,0.0,com.roubit,24,45.3,31.5,9,1,2359,1492,0.95
1041517543,Fitbod Workout & Gym Planner,Fitbod Inc.,Health & Fitness,0.0,com.fitbod,27,50.9,32,17,0,16346,1872,0.86
1481348382,Routine Planner : Small Habit,SleepyBytes SIA,Productivity,0.0,com.aivarsmeijers.minihabits,18,34.0,28.0,7,1,55,11,0.84
1111447047,Habitify: 習慣トラッカー,Unstatic Ltd Co,Health & Fitness,0.0,co.vuvo.habitify,24,45.3,31.5,16,0,42512,14695,0.83
6738038765,Daily Routine - Planner & Mood,CHEESEJOY LIMITED,Health & Fitness,0.0,com.daily.routine.mood.app,21,39.6,31,13,0,9356,9315,0.77
1665028057,Remind - Daily Planner,"MATRIKS GRUP, TOV",Productivity,0.0,org.matrix-soft.habit,20,37.7,30.0,11,0,1138,446,0.73
1631348027,Daily Schedule Planner - MyDay,Zipo Apps Ltd.,Productivity,0.0,com.aralatpdev.dayplanner,14,26.4,34.0,9,1,730,132,0.66
6444716760,Pencil Calendar: Daily Planner,"SIMPLEDIO, TOO",Productivity,0.0,com.simpledio.HandwritingPlannerCalendar,18,34.0,31.5,11,0,3535,563,0.66
1212616790,Microsoft To Do,Microsoft Corporation,Productivity,0.0,com.microsoft.to-do,17,32.1,35,23,0,179281,24487,0.51
6444685151,Agenda Digital Planner,Alina Shpak,Productivity,0.0,app.digitalplanner,6,11.3,31.0,4,1,193,57,0.48
1149192857,Habit Hub: Routine Tracker,Sabana Patel,Productivity,0.0,atryb.HabitHub,9,17.0,38,7,1,789,237,0.44
1458862350,Hevy Carnet de Musculation Gym,Hevy Studios S.L.,Health & Fitness,0.0,com.hevyapp.hevy,15,28.3,37,24,0,61800,23550,0.42
1671871739,タイムスケジュール & タイムツリー : Arcush,Volodymyr Dudchak,Productivity,0.0,com.arcush.planner-ios,12,22.6,29.0,22,0,681,538,0.41
464254577,Strong Workout Tracker Gym Log,Strong Fitness PTE Limited,Health & Fitness,0.0,com.cameronchow.Strong,14,26.4,34.5,25,0,22385,3119,0.41
6758051771,Daily Planner - Day Organizer,SAMET ACAR,Productivity,0.0,com.acar.dailyplanner,4,7.5,16.5,10,2,3,1,0.4
6758040519,Daily Schedule Planner,Sara Bryan,Lifestyle,0.0,com.VectorAgenda57qf.app,5,9.4,16,10,1,1,1,0.4
839285684,Home Workout ~fit for women,Fast Builder Limited,Health & Fitness,0.0,com.oneothergame.7min-fitness,13,24.5,34,26,0,147242,29677,0.39
6757094690,Cute Calendar: Daily Planner,Lien Vu,Productivity,0.0,com.daily.calendar.cute,12,22.6,32.5,26,0,23,11,0.37
1485310935,Planner & Journal - Zinnia,Pixite Inc.,Lifestyle,0.0,com.pixite.Zinnia,11,20.8,31,23,0,65891,55902,0.36
1187285712,"Week Planner - Diary, Calendar","Digital Legal Tech, Societatea cu Raspundere Limitata",Productivity,0.0,com.dimitriev.WeekPlan,12,22.6,35.0,26,0,40154,10829,0.36
1048454034,Gymverse: Gym Workout Planner,FITNESS22 LTD,Health & Fitness,0.0,com.heavydutyapps.gymWorkout,9,17.0,28,18,0,25258,5235,0.35
6511243297,MieuxMoi - Suivi d'habitudes,奎 郑,Lifestyle,0.0,com.task.todolist.habit,9,17.0,37,14,0,24,9,0.33
6755355588,Elegant Planner: Day Planner,ElegantMind LLC,Productivity,0.0,com.elegantplanner.elegantPlanner,6,11.3,19.5,12,0,4,2,0.32
6471374077,Routinsie: To Do List Planner,RACH MARIE FITNESS LLC,Productivity,0.0,com.routinsie,9,17.0,33,18,0,13,8,0.31
1055295863,Today: Gewohnheits-Tracker,Neybox Digital Ltd.,Health & Fitness,0.0,com.neybox.Today,1,1.9,7,7,1,516,516,0.29
6450943422,Daylist: 待办清单・任务管理,HOME TASKER - CLEANING SCHEDULE ORGANIZER LTD,Productivity,0.0,io.grocely.ios,9,17.0,32,26,0,47,17,0.28
1482922018,"Ежедневник, Планировщик, Дела",Victor Khodalov,Productivity,0.0,com.VictorKhodalov.iVisualize,2,3.8,11.0,10,1,1270,1270,0.28
6738674658,极简待办:日程计划清单 & 提醒事项 - 提醒工具,Naik Ur Rehman,Utilities,0.0,com.to-do.list.dailytask.manager,9,17.0,34,25,0,3,2,0.27
6745508692,Gewohnheitstracker - Einfach,GAL APP LTD,Lifestyle,0.0,app.hbt.tem,5,9.4,29,10,1,105,89,0.27
6448238322,PlanMe: Daily Routine Planner,Jinsu Baek,Lifestyle,0.0,com.planmecorp.planme,9,17.0,42,15,0,21,12,0.27
6753331427,"Risby - Habit, Routine Planner",Another Door Inc.,Lifestyle,0.0,io.anotherdoor.wakyhabit,7,13.2,25,25,0,0,0,0.24
1511876936,플랜핏 - 운동 루틴 추천과 헬스 홈트 다이어트 기록,Planfit Inc.,Health & Fitness,0.0,com.mih.planfit,6,11.3,28.0,15,0,29142,28540,0.24
1508150689,Routine Planner,Natalia Jakubczyk-Gajewska,Productivity,0.0,com.appsForParents.DayPlanKids,2,3.8,16.5,9,1,11,7,0.23
6480042457,Habit Tracker - Be Productive,Uniqo Lab FZC,Productivity,0.0,uniqo.habit,8,15.1,36.5,25,0,88,42,0.23
6755832208,MyHours: Daily Routine Planner,Mikhail Agliullin,Lifestyle,0.0,com.bursincom.MyHours,6,11.3,30.5,14,0,0,0,0.23
1135683789,Agenda: Planificateur & Tâches,Tatyana Kolesnikova,Productivity,0.0,com.AvvaStyle.BizDiary,6,11.3,32.0,15,0,8711,3238,0.22
1452035712,DayDay - Weekly Planner,JiHoon Lee,Productivity,0.0,jh.dayplanner,1,1.9,9,9,1,0,0,0.22
1601679568,Regularly: Schedule Planner,Siddharth Kamaria,Productivity,0.0,app.regularly.Regularly,1,1.9,9,9,1,0,0,0.22
6498548255,Daily Planner: Tasks & Agenda,Konstantin Bolgar,Productivity,0.0,com.bolgardanchenko.Planner,7,13.2,33,23,0,540,302,0.21
6759983237,Cora - Become Her,Daniel Mani,Productivity,0.0,com.app.cora,2,3.8,23.5,9,1,0,0,0.21
1571959428,Routine Planner: BasicBeauty,Yaroslav Voloshyn,Health & Fitness,0.0,com.basicbeauty,5,9.4,36,14,0,91,44,0.21
6471266496,To Do List & Planner : Taskito,Taskito Technologies,Productivity,0.0,com.fenchtose.reflog.ios,1,1.9,10,10,1,0,0,0.2
1548778044,"Actie: Daily Planner,Organizer",farzin tavakoli,Productivity,0.0,com.devera.actie,1,1.9,10,10,1,0,0,0.2
6464528470,Daily Time Blocking - Planner,Pavel Kozemirov,Productivity,0.0,com.dailyplanner.timeblocking,6,11.3,36.0,17,0,26,11,0.19
6759334860,Eva - Calendar & Daily Planner,Dmitriy Biserov,Productivity,0.0,biser.eva,6,11.3,40.0,16,0,3746,3129,0.19
6761559815,Routine: Daily Planner & ToDo,"TD Studios, LLC",Productivity,0.0,com.sweep.swifty,4,7.5,21.5,15,0,4,4,0.18
1041482672,Habit-Bull: Daily Goal Planner,AppForge Inc.,Productivity,0.0,oristats.HabitBull,6,11.3,33.5,26,0,1452,986,0.18
6664060069,To Do List & Routine Planner,妙中 张,Productivity,0.0,com.mingkun.ToDoList,4,7.5,25.0,18,0,15,7,0.17
557745942,24me スマート・パーソナル・アシスタント,24me Ltd,Productivity,0.0,24me,4,7.5,24.5,16,0,7929,3966,0.17
381059732,Week Calendar - Planificateur,"Do More Mobile, LLC.",Productivity,0.0,com.wasabi-apps.WeekCal,4,7.5,26.0,18,0,41155,20642,0.17
1524374229,Gym WP - Rutina Entrenamiento,Pedro Henrique de Souza Leal,Health & Fitness,0.0,lealapps.gym,5,9.4,31,22,0,15354,6109,0.17
1505220130,"todo mate: To-Do List, Routine",todo mate,Productivity,0.0,com.undefined.mate,3,5.7,29,11,0,107678,107560,0.16
854413387,To-Do List・Daily Planner・Tasks,Dmitriy Biserov,Productivity,0.0,listbox,3,5.7,17,13,0,8930,8194,0.16
907081984,ProFit: Musculação na academia,VGFIT LLC,Health & Fitness,0.0,com.maxty.gofitness,4,7.5,24.0,23,0,16753,5367,0.16
1422994973,シンプルカレンダー - スケジュール帳、予定表かれんだー管理,Komorebi Inc.,Productivity,0.0,com.sawadaru.calendar,5,9.4,36,29,0,391479,372214,0.15
6636525873,Daily Routine Planner,Ankur Dhameliya,Productivity,0.0,com.mdtech.routine.planner.todo,4,7.5,29.5,21,0,0,0,0.14
6503812022,"Trace - AI Calendar, Planner","Corca, Inc.",Productivity,0.0,com.corca.Trace,3,5.7,22,21,0,18,12,0.13
1459082330,"Home Workout Planner, Tracker",AIBY Incorporated,Health & Fitness,0.0,ifitness.app,4,7.5,30.0,27,0,3928,1330,0.13
1494584871,Timecap: 習慣トラッカーと目標,"NOTA SYSTEMS, LLC",Productivity,0.0,com.ziggycrane.timecap,3,5.7,29,17,0,127,100,0.12
6739960468,планы и цели,Cijay LLC,Productivity,68.0,com.chijindu.todotics.pro,3,5.7,24,23,0,9,4,0.12
6749314602,Daily Time Planner MyDailyTime,App Palette LLC,Productivity,0.0,jp.co.apppalette.DailyPlanner,2,3.8,20.5,13,0,114,111,0.11
551139514,"Workflowy: Note, List, Outline",FunRoutine INC,Productivity,0.0,com.workflowy.WorkFlowy,3,5.7,28,21,0,5654,2703,0.11
6767823669,Doot: ADHD AI Daily Planner,Aditya Parihar,Productivity,0.0,app.doot.mobile,2,3.8,28.0,12,0,1,1,0.11
1555022550,GoalMap-目標管理·計畫·時間管理·習慣打卡,"Hangzhou North Gate Co., Ltd.",Productivity,0.0,com.happydogteam.relax,3,5.7,35,20,0,135,99,0.11
1548507969,Routine: Calendars & Tasks,Routine,Productivity,0.0,co.routine.ios,3,5.7,31,20,0,3,2,0.11
1621719397,Stronger - Gym Workout Planner,Atlas Smart Technologies LTD,Health & Fitness,0.0,com.strongermobileapp.stronger,3,5.7,33,21,0,17643,17373,0.1
6444545964,MODA: 먼쓸리 데일리 루틴 투두앱,DeukYeon Hwang,Productivity,0.0,com.pinto.moda,3,5.7,32,24,0,283,282,0.1
1639800794,RoutineFlow: Routine for ADHD,System Two GmbH,Productivity,0.0,app.routineflow.routineflow,4,7.5,38.5,36,0,237,152,0.1
6474446718,Symmetry: AI Gym Workout Log,SymmetryClub LLC,Health & Fitness,0.0,com.application.symmetry,4,7.5,39.5,32,0,19762,16731,0.1
6523413981,Routine Planner: Track Habits,East Frisia LLC,Productivity,0.0,com.eastfrisia.dailyroutine,2,3.8,29.0,16,0,3,3,0.09
670870972,Productive Daily Tasks Planner,"Success Wizard, Inc.",Productivity,0.0,com.bifortis.ProductivityWizard,3,5.7,43,20,0,378,319,0.09
1555137308,Simple ToDo List & Tasks,Futoshi Niiho,Productivity,0.0,app.nifu.simpletodo,1,1.9,11,11,0,15,15,0.09
6450726111,Daily Routine Planner: Cub,Offbeat Apps LLC,Health & Fitness,0.0,com.cubadhd.CubADHD,2,3.8,23.5,16,0,7,4,0.09
6449482660,Day Flow: AI Daily Planner,Zipo Apps Ltd.,Productivity,0.0,io.42apps.dayflow,3,5.7,38,30,0,3131,3110,0.08
1265144950,重复待办 | 习惯打卡,Oguz Kaytanci,Productivity,0.0,com.o16i.recurring,3,5.7,38,30,0,8,7,0.08
6745339831,日常习惯: 养成打卡记录极简自律管理,Edwin Chan,Productivity,0.0,com.edwinchan.loop,3,5.7,38,31,0,20,11,0.08
421819675,Do! - Simple To Do List,"SIMPLERION Co., Ltd",Productivity,0.0,com.newsu1.doiap,1,1.9,13,13,0,3412,3412,0.08
901800555,Goal Tracker: Daily Routine,"Success Wizard, Inc.",Productivity,0.0,com.way4app.successwizard.appid.goalswizard,2,3.8,25.0,25,0,389,383,0.08
572688855,Todoist: To Do List & Calendar,Todoist Inc.,Productivity,0.0,com.todoist.ios,3,5.7,38,38,0,4799,1705,0.08
1058049013,Done! - Happy Productivity,"DoneCo, Inc.",Productivity,0.0,com.doneco.done,1,1.9,12,12,0,11,11,0.08
1532504123,My Feed・Планер для Инстаграм,Bigrowth OU,Photo & Video,0.0,com.laroapps.Planner,2,3.8,27.0,20,0,13710,10316,0.08
1574467325,Wheeldone - Daily Planner,Demianenko Alexander,Productivity,0.0,com.daart.Actcircle,2,3.8,29.5,28,0,173,156,0.07
6762626011,PlanDay,"Sunset Labs, LLC",Productivity,0.0,com.np.willdu,3,5.7,43,41,0,12,11,0.07
306026134,Daily Tracker ジャーナル & 日記,Lumen Spark LLC,Health & Fitness,0.0,com.cvz.dailytracker.premium,2,3.8,30.0,27,0,577,463,0.07
696350076,Fitlist Workout Log & Planner,"Fitmobi, LLC",Health & Fitness,0.0,com.fitmobi.fitlist,3,5.7,44,35,0,2260,1178,0.07
1099664597,ToDo Aufgabenliste - Planer,Komorebi Inc.,Productivity,0.0,com.sawadaru.todolist,1,1.9,14,14,0,1363,1363,0.07
6448081563,Liftoff: Heavy Workout Planner,GymBros Inc.,Health & Fitness,0.0,com.gymbros.app,3,5.7,43,41,0,8357,6620,0.07
6761007116,Since: Reminder & Task Planner,Stuart Malcolm,Productivity,0.0,com.stuartmalcolm.Since,2,3.8,30.5,21,0,3,2,0.07
370362301,NS,NS Reizigers B.V.,Travel,0.0,com.ns.reisplannerxtra,2,3.8,27.0,25,0,162834,161340,0.07
1517360968,Habio: Routine & Habit Tracker,Gototop LTD,Health & Fitness,0.0,com.habio,2,3.8,27.5,25,0,369,196,0.07
1640609657,Todo List & Reminder - Todoery,"BetterApp Tech Co., Limited",Productivity,0.0,com.betterapp.todolist,1,1.9,14,14,0,704,704,0.07
1446447749,Muscle Boosterワークアウトプランナー,WELLTECH APPS LIMITED,Health & Fitness,0.0,com.musclebooster,2,3.8,34.5,31,0,10256,6032,0.06
6497716500,Daily Routine Planner°,Vadzim Shaulouski,Productivity,0.0,com.vadimshavlovski.PlanEase,2,3.8,35.0,34,0,34,21,0.06
522008611,ATracker - 每日时间管理,WonderApps AB,Productivity,0.0,com.Jian.ATrackerLite,2,3.8,36.0,30,0,1694,1623,0.06
586970083,Success Coach - Goals & Habits,"Success Wizard, Inc.",Productivity,0.0,com.Bifortis.SuccessWizard,2,3.8,33.5,26,0,287,227,0.06
6504822038,Daily Planner Routine,Natalia Jakubczyk-Gajewska,Productivity,0.0,com.appsForParents.VisualToDoList,2,3.8,33.5,31,0,41,26,0.06
6472268715,FitFit - 健身紀錄 重量記錄 訓練筆記 組數計數器,Hao-Cheng Syu,Health & Fitness,0.0,com.fit.bodynote,2,3.8,36.0,32,0,521,519,0.06
1537777571,"Bullet: Journal, Daily Planner",Mui Studio Ltd,Productivity,0.0,app.bulletjournal.bulletFlutter,2,3.8,36.5,31,0,43,40,0.06
672904239,I Am Sober - Estoy sobrio/a,I Am Sober LLC,Lifestyle,0.0,com.thehungrywasp.iamsober,1,1.9,16,16,0,3499,3499,0.06
1665617526,Planejador de Treinos・Academia,FUTURE SOFT YAZILIM BILISIM DANISMANLIK HIZMETLERI TICARET ANONIM SIRKETI,Health & Fitness,0.0,workout.fitness.app,2,3.8,36.0,31,0,4919,4056,0.06
6738650371,ADHD Routine Planner Prism,ALAATTIN OZKAYA,Utilities,0.0,com.ftw-labs.prism,1,1.9,21,21,0,3,3,0.05
6717596521,先延ばし防止 OneFlow ルーティン・集中タイマー,Mono Incorporated,Productivity,0.0,app.oneflow,1,1.9,20,20,0,43,43,0.05
1609174112,Routine Planner - List Maker,Cookie in the fridge LLC,Productivity,0.0,com.cookie.productive,1,1.9,20,20,0,2,2,0.05
6449979760,To Do: 计划与习惯管理,Spotter Limited Liability Company,Productivity,0.0,com.sardart.ToDoList,2,3.8,37.0,33,0,1,1,0.05
6477791190,Miracal: Calendar Planner Todo,Warin Winnicke,Productivity,0.0,app.miracal.mobile,2,3.8,40.0,36,0,5,5,0.05
1266410931,Summit: Daily Planner,Goals LLC,Productivity,0.0,com.dayplanner.summit.ios,2,3.8,43.5,40,0,91,71,0.05
6758460339,CapyPlan: Gentle Daily Planner,FAMILY DOG PTY LTD,Productivity,0.0,digital.familydog.CapyPlan,1,1.9,20,20,0,0,0,0.05
360593530,"Notability: 메모 작성, PDF, Doc","Ginger Labs, Inc.",Productivity,0.0,com.gingerlabs.Notability,2,3.8,37.0,35,0,93641,64886,0.05
6783218790,Routine – Daily Planner,Tech Atlas LLC,Productivity,0.0,com.routine.app.ios.appteam,1,1.9,19,19,0,0,0,0.05
6443740936,Lyfta: Gym Tracker Workout Log,Lindberg Development AS,Health & Fitness,0.0,com.lyftaios,2,3.8,38.0,34,0,1000,742,0.05
303490844,myHomework Student Planner,Rodrigo Neri,Education,0.0,com.rigoneri.myhomework,2,3.8,42.5,39,0,74,55,0.05
1600111925,Fun Routine - Autismo,Phaneronsoft Sistemas de Informatica Ltda - ME,Education,0.0,br.com.phaneronsoft.funroutine.ios,2,3.8,37.0,36,0,2,1,0.05
1453345769,スマート手帳 - スケジュール管理、仕事カレンダーアプリ,Komorebi Inc.,Business,0.0,com.sawadaru.planner,1,1.9,26,26,0,26436,26436,0.04
1112583261,Schedule Planner - Get It Done for Morning Routine,Nattapon Kittisuphat,Productivity,0.0,com.hon.smartonenote,1,1.9,27,27,0,0,0,0.04
6756103128,Study Schedule Planner & Maker,"Solyx Studios, LLC",Education,0.0,app.studyschedule,1,1.9,23,23,0,1,1,0.04
6480373882,Dayshine - Routine Planner,Tushar Chhabra,Health & Fitness,0.0,com.tusharchhabra.GoodDay,1,1.9,26,26,0,3,3,0.04
6740824792,Weekstack,Brett Jackson,Utilities,0.0,Zikurat.WeeklyWebView,1,1.9,24,24,0,5,5,0.04
6793124390,말랑케쥴 - 공부는 루틴이다. 친구랑 공부 루틴 관리,SPROUTGROWLABS,Social Networking,0.0,com.sproutgrowlabs.malangcal,1,1.9,28,28,0,29,29,0.04
905768387,Funliday -全球旅遊行程規劃平台,Funliday Inc.,Travel,0.0,com.willie.Funlidays,1,1.9,25,25,0,10484,10484,0.04
1219301037,Microsoft Planner,Microsoft Corporation,Productivity,0.0,com.microsoft.PlannerMobile,1,1.9,25,25,0,933,933,0.04
6471547318,Muscle Monster Workout Planner,TechPioneers Limited,Health & Fitness,0.0,musclemonster.fitness.workout,1,1.9,28,28,0,163,163,0.04
6779365032,Weekly Calendar App - Week+,Brite Technologies LLC,Productivity,0.0,com.weeklyplannerapp,1,1.9,34,34,0,0,0,0.03
6756910510,Kids Visual Schedule Planner,栋 王,Education,0.0,com.playtimewise.KidCue,1,1.9,35,35,0,6,6,0.03
6765979218,NowCue: Daily Planner,Jean Millan,Productivity,0.0,com.jeanmillan.nowcue,1,1.9,37,37,0,1,1,0.03
514917848,Tiny Calendar: Planner & Tasks,TinyWork Apps,Productivity,0.0,com.btgs.calenmobfree,1,1.9,34,34,0,940,940,0.03
1120239484,継続する技術｜ダイエットも筋トレも記録・習慣化で目標達成,bondavi Inc.,Health & Fitness,0.0,info.todice.habit,1,1.9,38,38,0,53054,53054,0.03
1563624436,Gymwork(ジムワーク) - 筋トレ記録＆分析,Gymwork Inc.,Health & Fitness,0.0,pro.godok.sozil,1,1.9,40,40,0,4661,4661,0.03
6736977305,RushList Task Manager Planner,Sebastian Ottow,Productivity,0.0,de.appventurer.rushList,1,1.9,32,32,0,0,0,0.03
1458814016,通知备忘录 - 锁屏小部件支持的任务管理提醒,Ankercast Inc.,Productivity,0.0,com.ankercast.reminder,1,1.9,35,35,0,2,2,0.03
6755971238,"Daily Planner, Habit Tracker",Jay Lakhani,Productivity,0.0,com.dailyplanner.selfcare,1,1.9,37,37,0,1,1,0.03
6774956996,习惯打卡：日常与目标,ANDREI RUSTI,Productivity,0.0,AndreiR.Habits-logger,1,1.9,40,40,0,6,6,0.03
6739449713,Timetable & Schedule Maker,FUTURECRAFT APPS LLP,Productivity,0.0,com.EasyTable,1,1.9,30,30,0,4,4,0.03
6776764489,Orbit: A Fancy Planner,Kiera McCabe,Productivity,0.0,io.github.mccab22k.orbit,1,1.9,40,40,0,0,0,0.03
6761737551,Sioly: Routine Planner,Noah Sioly UG (haftungsbeschrankt),Health & Fitness,0.0,app.sioly.routines,1,1.9,29,29,0,19,19,0.03
571626623,Lists To do,Thomas Tsopanakis,Utilities,0.0,com.ThomasTsopanakis.Lists,1,1.9,32,32,0,3206,3206,0.03
1263789061,ShineDay: Micro Habit Tracker,"Guangzhou Xiaorichang Technology Co., Ltd.",Productivity,0.0,com.dandelion.Routine,1,1.9,34,34,0,176,176,0.03
1613129298,Planmore – Kalender & To-do,"DailyEffic Software Information Co., Ltd.",Productivity,0.0,zhiyi.lucky.planmore,1,1.9,38,38,0,2569,2569,0.03
1094217167,GymJoy: Gym Trainingstagebuch,Nikolay Alexeyev,Health & Fitness,0.0,com.kolyosick.GymJoy,1,1.9,39,39,0,78,78,0.03
1671435397,"SupaTask: Daily Planner, To-do",Tip Tap Apps,Productivity,0.0,todo.timeline.structured,1,1.9,38,38,0,149,149,0.03
6763260597,Peachy: ADHD Cleaning Routine,Nabative AB,Productivity,0.0,ai.visualstack.peachy,1,1.9,29,29,0,14,14,0.03
6795619008,Anchor: ADHD Daily Planner,Lance Allan Perry,Productivity,0.0,com.outbackautomation.anchor,1,1.9,30,30,0,0,0,0.03
6751053322,Calendar Planner & To Do List‎,Matrix Developers L.L.C-FZ,Productivity,0.0,com.imemsy,1,1.9,38,38,0,0,0,0.03
6756020537,AlarmCal: 알람 캘린더,Ki Hong Ryoo,Utilities,0.0,com.datakins.muta,1,1.9,30,30,0,1,1,0.03
6759487521,AnySchedule - 올인원 캘린더 & 플래너,ReleCompany,Productivity,0.0,com.rele.Scheduler,1,1.9,40,40,0,1690,1690,0.03
1441905760,行事曆假期-農民曆 日曆 記賬,政 王,Utilities,0.0,com.newblue.calendar,1,1.9,31,31,0,22629,22629,0.03
1214257189,MoHot 用健身紀錄每一天,"MOHOT Sports Science Co., Ltd",Health & Fitness,0.0,com.MOHOT.mohot,1,1.9,37,37,0,287,287,0.03
556557690,9292 reisplanner OV + e-ticket,Reisinformatiegroep B.V.,Travel,0.0,nl.9292.9292,1,1.9,30,30,0,62739,62739,0.03
1209781676,Weight Lifting Tracker,Setgraph LLC,Health & Fitness,0.0,com.BenchFTW,1,1.9,39,39,0,285,285,0.03
650276551,Seven: 7 Minute Workout,Perigee AB,Health & Fitness,0.0,se.perigee.7minute-workout,1,1.9,36,36,0,10720,10720,0.03
568839295,Blinkist: Book Summaries Daily,Blinks Labs GmbH,Education,0.0,com.blinkslabs.Blinkist,1,1.9,38,38,0,1356,1356,0.03
6743934260,TeddyCare: Daily Habit Planner,Kappa Yazilim Anonim Sirketi,Health & Fitness,0.0,com.kappa.teddybear.ios,1,1.9,31,31,0,62,62,0.03
1446224156,Fitness AI Gym Workout Planner,FitnessAI Inc.,Health & Fitness,0.0,com.jakemor.firness-ai,1,1.9,40,40,0,127,127,0.03
970107419,HelloFresh: Tasty Meal Planner,Hellofresh GmbH,Food & Drink,0.0,com.hellofresh.HelloFresh,1,1.9,35,35,0,21121,21121,0.03
1347447233,TimeFinder: Time Blocking,"TimeFinder, LLC",Productivity,0.0,com.lukememet.TimeFinder,1,1.9,37,37,0,4,4,0.03
1631998359,BeeDone: Gamified ADHD Planner,Youcef El Kamel,Productivity,0.0,com.layouceferie.beedone,1,1.9,34,34,0,0,0,0.03
1528859917,NoteCircle: Lista de Tarefas,Genau Factory,Productivity,0.0,com.thegenau.NoteCircle,1,1.9,40,40,0,522,522,0.03
6757593461,Naini: Baby Routine,"ifigames, Inc.",Health & Fitness,0.0,com.nurtia.app,1,1.9,31,31,0,14,14,0.03
1549845424,EvolveMe: Habit Tracker,Evrim Demir,Health & Fitness,0.0,com.evomind.Zinciri-Kirma,1,1.9,37,37,0,621,621,0.03
6752664071,Rutly: трекер Целей и Привычек,"RATLI, TOO",Productivity,0.0,app.rutly,1,1.9,31,31,0,20,20,0.03
900890647,Учет расходов - Money Flow,Hermann Wagenleitner,Finance,0.0,com.azfalt.mf,1,1.9,32,32,0,7648,7648,0.03
1499349045,Календарь: Планер и Расписание,PLANNING TECHNOLOGIES LLC,Productivity,0.0,com.mc.calendar,1,1.9,37,37,0,316,316,0.03
6741349076,52 Week Planner: To-Do List,Joseph Works Limited,Productivity,0.0,app.documentai.FiftyTwoWeekPlanner,1,1.9,39,39,0,0,0,0.03
1526044677,Skin Care Routine Planner,Andras Munkacsi,Health & Fitness,0.0,com.feelinmyskin.app,1,1.9,40,40,0,5,5,0.03
6444258837,Habit Tracker l Daily To Dos,The Salty Pistachio LTD,Productivity,0.0,tsp-apps.habit-tracker-build-reach-goals-todo-tasks-reminders-list-routine-planner-daily-organiser,1,1.9,40,40,0,5,5,0.03
6758753427,Days: Habit Tracker,Igor Potemkin,Productivity,0.0,app.edvibe.technologies.MorningRoutine,1,1.9,35,35,0,0,0,0.03
672401817,Strides: Habit Tracker + Goals,Goals LLC,Productivity,0.0,com.puresignal.strides,1,1.9,34,34,0,51,51,0.03
6756981292,Liftora: Routine Planner & AI,Liftora LLC,Productivity,0.0,com.roxy.liftora,1,1.9,45,45,0,16,16,0.02
6768819696,Busy B Planner,Makram Atiyah,Productivity,0.0,com.makramatiyah.todo,1,1.9,47,47,0,2,2,0.02
1662348638,筋トレ記録 & メニュー WorkoutWise,Yuri Koshiishi,Health & Fitness,0.0,com.yurikoshiishi.workoutwise,1,1.9,41,41,0,381,381,0.02
1468307521,Nola：小説を書く人のための執筆エディタツール,indent Inc.,Book,0.0,com.nola.app,1,1.9,42,42,0,7825,7825,0.02
989178902,日历 - Family organizer planner,Bonobo Pte Ltd,Productivity,0.0,com.moleskine.timeline,1,1.9,44,44,0,1764,1764,0.02
6476637209,ADHS Easy-Do dein ADHS Planer,HYPERFOCUS ACADEMY LLC,Health & Fitness,0.0,com.hyperfocusacademy.adhdeasydo,1,1.9,41,41,0,42,42,0.02
1551532207,微笑Todo-自律计划和时间打卡,EMMO Corp.,Productivity,0.0,emmo.smileTodo,1,1.9,43,43,0,880,880,0.02
6474098840,Daily Planner: Day-To-Day,Polina Basova,Productivity,0.0,com.bag.daytoday,1,1.9,43,43,0,3,3,0.02
6745083764,Rise: Routine Planner,Aleksandr Martirosov,Productivity,0.0,a-martirosov.EfficientiaTemporis.Rise,1,1.9,43,43,0,0,0,0.02
594982044,RepCount Träningsdagbok Gym,Siper Apps AB,Health & Fitness,0.0,com.simonpersson.repsapp,1,1.9,46,46,0,3368,3368,0.02
6747050031,Hibu: Bedtime Routine Planner,Konstantin Pytkov,Productivity,0.0,-991.MaryHabit,1,1.9,43,43,0,0,0,0.02
6736963564,SunRay Tanning Planner App,KAIN SUITE PTE. LTD.,Weather,0.0,com.kainsuite.tanningplanner,1,1.9,44,44,0,41,41,0.02
1383621968,Agenda Appuntamenti Routine,Hive 5 Studio DOO,Productivity,0.0,appsoftheday.myplanner.master,1,1.9,41,41,0,226,226,0.02
6737813719,MyTimeo: Calendario di Routine,Alex Ishutin,Productivity,0.0,com.alexishutin.timeo,1,1.9,43,43,0,0,0,0.02
1445041669,Liftin' - Gym Workout Tracker,Valter Hemmi,Health & Fitness,0.0,com.nstrm.Bello,1,1.9,46,46,0,37,37,0.02
6783974948,DayByDay Daily Planner,Zrindy LLC,Productivity,0.0,com.zrindy.daybyday,1,1.9,41,41,0,0,0,0.02
1668280041,Hábito y Rutina: Habit Tracker,AHAD DURRANI,Utilities,0.0,com.ahaddurrani.rebootapp,1,1.9,42,42,0,1,1,0.02
6744783858,Daily Planner: Planelle,LumiereTech Apps Inc.,Productivity,0.0,com.lumieretech.planelle,1,1.9,44,44,0,12,12,0.02
6762193980,Daily Routine Tracker - Roz,AppTech Private Limited,Productivity,0.0,com.apptech.routine,1,1.9,42,42,0,0,0,0.02
6444366476,Planejamento Semanal - Notas,jonas bernardo duarte da silva,Productivity,0.0,com.jonasbernardo.developer.week.planning,1,1.9,42,42,0,43,43,0.02
6475258897,Skincare Routine Planner,Jeffrey Guo,Health & Fitness,0.0,com.jeff.guo.l23l.Simple-Glow,1,1.9,42,42,0,0,0,0.02
