A1#49150	1. Habit Tracker - Goal Tracke	4	2025-05-04	Good but some features doesn’t work || App is simple, intuitive and minimal - I would rate 5 stars, but filter by time doesn’t work (iOS 17) which is one of the most crucial feature.
A1#50850	1. Habit Tracker - Goal Tracke	5	2023-01-09	Not all habits are displayed || Perfect app for tracking habits! And everything was okay until recently when for some reason only half of habits were shown on weekly screen. I try to check it in Filter by clicking on these habits and it works but whenever I scroll pages on weekly page it just returns to showing me only a certain amount of habits. Could you fix it?
A1#52733	1. Habit Tracker - Goal Tracke	4	2024-02-26	Great App || It would be perfect if widgets could filter by tag.. so it would show only what you want
A1#53099	1. Habit Tracker - Goal Tracke	4	2023-12-26	ere’s only two things I wish could change that keep me from sticking 100% to it and going back to productive habit tracker 1. I wish it was easier to navigate between the times of the day. Like swiping left/right to see morning, afternoon, evening vs the full filter button 2. I wish the app badge only showed the number of habits for that time period of the day, not the whole day. I don’t want to see a badge for habits I can’t do until night time, I.e. brush teeth in the evening.    I have found you all have great customer service and the pay once feature is absolutely amazing. Thank you all for what you do!
A1#54362	1. Habit Tracker - Goal Tracke	5	2023-02-07	le yet customizable || This is such a great app!! I LOVE how much it lets me customize each habit. It allows you to track it by count, mins, hours, ml, and you can create your own units so you can measure something however you desire. I can tag each habit and filter it by tag which my type A brain loves. The life time membership is super affordable at like 5.99. Once I customize each habit (this can be as simple or complicated as you want), it’s so easy to use. It’s basically my habit tracking dream, because it’s always with me, visually motivating and easy + quick to use. It’s a simple but powerful little app, just like apps should be. [i have the life time membership]
A1#54664	1. Habit Tracker - Goal Tracke	5	2022-12-13	cklist which I don’t think I can do with Habit is to group the tasks by tag/goal. With the android app I am speaking of I could create differed goals like for example fitness and organization and then assign tasks within those goals. I know with Habit you can filter by the tag, but viewing a grouped view with dividers showing all the tasks grouped by goal/tag would be great. Either way, great job !!
A1#55065	1. Habit Tracker - Goal Tracke	5	2022-05-25	the choice between dark and light mode for the widget. One thing I would recommend is being able to save a filter view so that every time you open the app you can see all habits filtered under the last used filter/specified filter. Currently, although you can filter habits by category, it defaults to showing all habits which IMO defeats the purpose if I have to go back and reapply the filter when looking at habits in daily, monthly or weekly views.
A10#21136	10. Finch - Self-Care Pet - Da	5	2026-06-06	lly enjoy the level of customizability, especially in the color variety in clothing, but I&#39;ve become a bit of a collector. I&#39;ve liked getting multiple of the same piece for different outfits, but I wish the menu for clothes was more organized. Maybe a filter/sorting option AND items of the same type but different color being stacked (sorta like clothes in Sims 4 if anyone knows that). Even then, it&#39;s still one of my favorite apps and definitely helps me remember tasks I have to do day-to-day.
A10#23866	10. Finch - Self-Care Pet - Da	5	2026-03-16	e wonderland event or clothing/decor from those specific monthly drops!  3 - I’m looking specifically for BABY micropets. This is isn’t too much of a problem for me but I just KNOW some people need this!  Thanks for listening! I literally beg of you to make a filtering/sorting option in the bag!!! It would change my LIFE!!!  I know yall are working the best you can and some things just don’t cross people’s minds, so lots of love! 💖💖✨✨🫶🫶🤞🤞
A10#39868	10. Finch - Self-Care Pet - Da	5	2024-09-17	: When was I most consistent?  See history for individual tasks Easily view history in calendar view  Do certain tasks usually get done together?   A search feature for the icons.  Easily view a list of all habits you’ve ever marked complete, even one-timers. Filter by journey, date input, date complete, etc.  Unique furniture to each location in shops!  Easy undo for accidental swipes and clicks
A10#57978	10. Finch - Self-Care Pet - Da	5	2022-10-11	LOVE IT || they quickly fixed an issue with the filter button and I honestly appreciate that SO much. I have started to rely on this app so much for completing everyday tasks and knowing that they actually care and review our feedback and questions/complaints means so much. Thank you❤️
A23#7011	23. Streaks - The habit-formin	4	2015-10-27	en I&#39;m on my iPhone versus the circle method (which is great on the Apple Watch) 4.) would like the reporting on the device to be a little more robust. So far everything is in a calendar timeline. Would like bar, line, pie graphs as well as the ability to filter by day of the week, etc. 5.) Would like export to csv on main screen with the ability to select a subset of tasks.  Other than that nicely designed.
A24#32422	24. Fabulous - Daily Habit Tra	4	2022-01-24	s something they are working on though.   I also recently noticed that there may be some inauthentic behavior/users on the social feed.  There are a lot of “Hi my name is X and I’m from Y and I want to make friends” type comments.  It would also be helpful to filter by language.  Some of the pages in the app are clunky and can be overwhelming.  There is a lot of content in this app when it comes to challenges, reading, meditation and tabs can look messy.    Overall, I like the app a lot and a few small changes will make it much better.
A31#4696	31. Do Habits - Get It Done - 	5	2020-07-08	y goals grouped by category. For example, I want to see my physical health goals (exercise 4x/week, eat healthy) grouped and my personal enrichment goals (meditate daily, read daily, journal 2x/week) grouped. It does allow you to tag goals with categories and filter by category, but I don’t find the filtering useful because I want to see all the goals at once. This would give me a birds eye view of how I’m doing in different parts of my life (physical health, mental health, hobbies, etc.).   2. Integrations with your other apps, Moody and Grateful. For example I want to see a goal to enter my mood three times a day and make an entry in Moody daily. I would like Done to automatically know whe
A33#3588	33. Habitify - Habit Tracker -	5	2018-10-12	Excellent habit tracker || Habitify is an excellent habit tracker. The ability to set and filter by time of day makes the app clean and easy to see what should be completed next.
A4#11733	4. Me+ Lifestyle Routine - Dai	4	2025-10-02	ut for a free app that’s really not bad at all.   I do, however, REALLY wish we could give habits/tasks multiple tags. EG. Stretching is both part of my morning routine AND part of my health/fitness journey, so it would be nice to be able to see it under both filters. Honestly if that was an option I would absolutely go up to 5 stars. If there’s somewhere to submit feature requests I would love to know.
A4#16718	4. Me+ Lifestyle Routine - Dai	5	2024-01-02	an help || I like the look and feel of the app. No complaints so far.   I just started using it today and I noticed that there are some things that could help with usability.   1- changing the emoji related to the task is annoying because there isn’t a way to filter the emojis by category or search by name. I have to scroll through a long list and sometimes it’s difficult to find what I’m looking for.   2 - for weekly or monthly tasks that repeat, I would like the ability to move them to a different date. Example: if I have a reminder for a “spa night” every Friday but for some reason I’m not able to do it this week and I want to change it to Saturday I have to skip the entire task and then 
A4#18418	4. Me+ Lifestyle Routine - Dai	3	2023-08-30	Good but weird limitations || I like this app. it’s cute and I love being able to filter things by tag/time of day. I’ve had a couple super frustrating problems though. I try to add my own “relax” activities to my routine but the tag for relax isn’t available to choose for them and when I try to add it it says the tag already exists and won’t let me add the tag to the activity.  Also it won’t let you edit items that you don’t have on your routine for the day -so don’t you dare make a mistake with the schedule when you first add it. Super weird and frustrating.
A41#94	41. Awesome Habits - Habit Tra	4	2025-11-25	bits I have to drag it up past 20 others and that can get annoying trying to drag up a whole group of habits.  - The other issue with a lot of habits is that it feels inefficient to scroll past a bunch of habits, I feel like this could be fixed by allowing to filter habits through color, or by which list they belong to.
A41#755	41. Awesome Habits - Habit Tra	5	2022-05-28	  - You can only run one timer at once and it must be done while the app is still open. If you exit the screen, the timer will stop.  - Lack of badges. You’ll have to enter the app each time to know how many habits you have yet to complete.  - The only way to filter habits is via lists. You can’t text search them or filter them by status yet.
A43#218	43. Habit Hub - Routine Tracke	2	2026-07-11	each item one at a time. There’s no way to simply say “I did this thing but not the others” - Default view is the only view, there’s no way to see only what’s currently due. The default view shows all tasks for the whole day, with no way to change the default filter.  - Badge app icon shows number of items for the whole day, not the number of items pending completion now - again, no way to customize.   For a habit tracker, the lack of ability to customize preferences or be presented with items the way I’d like to be, is very disappointing. Save your dollars.  Edit: The development team reached out and stated they are working on adding these features. In return, I am working on taking down my
A48#1988	48. Strides - Habit Tracker + 	4	2024-11-11	ls difficult swipe to an earlier date to view because of this.  -  On iPhone in the Reports screen, and then calendar, it would be nice if you could tap on specific dates to see what you did that day.  - On iPhone, in the reports screen, under Progress, I can filter by Due Today. It would be nice if there was also a progress bar here like the standard Reports screen does.  - For projects, even if I completed every task in a project a week ago, it still shows up on my Today list and I can’t do anything with it. What am I supposed to do with that? Just archive it? Just wondering.
A48#2755	48. Strides - Habit Tracker + 	5	2019-05-30	ems to be reminders. Not a big deal for me, as I actually tend to use apps like ticktick (best task/todo list app imo) for reminders. - Tags. I don’t have to say much here, just look at most habit apps and notice that they don’t have a way to easily group and filter habits, other than simple color labels. That’s fine if you have only a few habits, but if you really track a lot of things that are important to your life, sooner or later you will want to group and filter the habits so you can focus on a select few.   Love the Strides app, I’ve been a subscriber since I switched to it from habit bull (which I think is the closest to strides, but lacked the tags and the the webapp, but did at lea
A5#2436	5. Routine Planner, Habit Trac	5	2025-07-20	fferent Sundays, but any future changes to the routine would require the change to be made to each of those routines. I hope this makes sense.  UPDATE: I love this app, but I have so many routines that I am having difficulty finding and organizing them when I filter by activated routines. I wish there were some way to categorize the routines by day, frequency, and topic (like fitness, household, plants, etc. ) so I could pull them up to make any changes.
A52#20581	52. ShineDay - Habit Tracker -	4	2019-08-13	xtra perfect: 1. The option to mark a habit as skipped 2. The ability to scroll or swipe through habits directly from the progress view (rather than returning to the habit list in order to select &amp; re-open) 3. Following the above, the ability to select or filter habits in order to compare progress among specific items 4. Apple Watch app! Thank you for this great app!!
A54#295	54. Avocation - Habit Tracker 	5	2022-07-21	or yearly!  One suggestion I’d like to make: It would be awesome if the habits were organizable! I love that they are separated by morning, afternoon and evening but currently the habits in each section stay in order by creation. So it would be nice to have a filter option to sort them by specific time, type of habit or importance or to be able to drag the habit bubbles to be in a custom desired order.
A76#2240	76. Way of Life - Habit Tracke	5	2021-06-23	New update takes it from great to fabulous || Best app on my phone. New look is stylish, the icon is cool, new features are tremendous. Love the ability to tag which gives the ability to zoom in with a filter on whatever tasks are relevant right now. Developer is the kind of guy who replies promptly to any contact via email and Facebook. Couldn&#39;t ask for more.
A76#4950	76. Way of Life - Habit Tracke	3	2023-09-15	ould tag habits by day of the week or time block for a custom list which would make tracking a lot easier and more rewarding in terms of actually achieving behavior change, but there is a bug in the display of habits/journals that makes this difficult… when I filter by a tag, it sorts by order of creation, not by the custom sort order… so my habit list which goes in order by time block is jumbled up within my time block and really confusing to look at and kind of derails me. The ability to filter by tag is a key driver for me to upgrade from Habitshare (free) is a key driver to get me to shell out for a yearly $30 subscription.   I tried reaching out to their support desk during the free tri
A85#719	85. Habitica - Gamified Taskma	5	2025-05-21	n what they’ve accomplished.  • Useful for reusing or reactivating important tasks from the past.  • Motivates users by showing their progress and efforts.  • Could assist with productivity reviews or personal analytics.  🔹 Bonus Ideas (Optional Features):  • Filters by date, difficulty, or tags.  • Option to restore a completed To-Do as a new task.  • List or calendar view of completed To-Dos.  Thanks for considering this! I believe it would really improve the experience and sense of accomplishment in Habitica. 🗒️✨
A85#983	85. Habitica - Gamified Taskma	4	2024-11-09	Great for ADHD || Incredible motivator for ADHDers such as myself  There’s a couple simple things that could be added that would really help  The filter option is fantastic for showing different tasks but what is missing is a general way of organising the tasks without filters  Like alphabetical ordering, order by tags, order by due dates, stuff like that.  For someone like me that loves making things as easy to process as possible that would go a long long way.  I can alphabetise things myself manually but it would be great to have the option
P106#965	106. Habit Tracker n Pets - Ha	5	2022-04-24	 || I like it but I want to add my own sections and color them how I want and also I want a random sort in the filter option cause I get bored doing stuff in order and also I need a search button cause I have a lot of things go track. P.S. I really like habit ideas.
P122#7073	122. Hevy - Gym Log Workout Tr	5	2025-12-11	 || great app through and through. best for tracking progress, exercises (rep volumes etc), weights etc. it also shows / and can filter by muscle group. all exercises have a how to and shine even have a video to show. I got the lifetime subscription about 2 years ago, and it's been great since. I haven't personally experienced any bugs.
P122#9528	122. Hevy - Gym Log Workout Tr	5	2025-07-03	enough if you don't want to commit to a subscription. The free version lets you save 3 routines which for me and my needs is perfect. every exercise has either pic or little loop videos that also indicates which muscle group is targeted. It also allows you to filter by equipment and/or muscle.
P122#10794	122. Hevy - Gym Log Workout Tr	5	2025-03-30	have tried various apps, but always return to it. It's great for planning workouts, tracking reps/weights, and using routines from other members. The heat map feature is useful to track muscle work. I'd love to see more exercises, machines, and the ability to filter by brand. When using the website, I wish I could add multiple exercises at once when creating a new routine, as I can on the app.. Overall, it's a fantastic app—keep up the great work!
P122#15511	122. Hevy - Gym Log Workout Tr	5	2024-01-04	 || Straightforward interface with a lot of helpful features, such as video & step-by-step instructions for exercises you may be unfamiliar with, and workout builder assistance (filter by muscle group or keyword).
P122#20347	122. Hevy - Gym Log Workout Tr	5	2022-02-08	 how handy this app is after 2 days of full use. The UI is simple and beautiful. The only drawback I've found is that some exercises don't have snapshots/gifs. But maybe with time this will change. Also, it would be great if while filtering exercises, you can filter by several Muscle Types or Equipment Types not just one at a time.
P122#30083	122. Hevy - Gym Log Workout Tr	2	2020-07-18	Can't save workouts offline. The workout I just finished was celebrated with fireworks and everything, then was immediately yeeted into oblivion, never to be seen again. You have to fix this. I'm cancelling the subscription I bought 1h ago. On the plus side : filter by equipement includes resistance bands.
P125#17759	125. 21 Days Challenge	5	2020-08-10	n of this app. I love the design, it works how it should, there are a lot of great default challenges and you can customize your own with a lot of options! The reminders are very cute and I'm just very much in love. Here are some things I would love to see: - Filter the challenges in the main menu so that you can see what challenges you didn't do yet today without having to go into every single one and see if you ticked it off today or not - More options for your avatar
P126#18833	126. To Do List	5	2026-03-28	 || can sync with Google account and filter by lists. daily reminder, if you choose!
P126#20271	126. To Do List	5	2025-10-29	 || amazing app. need to add date option when we creat it so it's easy to filter by date. export options for excel or any other version
P126#26222	126. To Do List	4	2024-04-12	 || There’s one important thing is missing which I've noticed. There’s no filter option in Finished list. We cannot filter the Finished items based on categories.
P126#34926	126. To Do List	1	2022-07-30	 || It's easy But i can't repeat task every day And can't filter tasks in date range
P126#148486	126. To Do List	4	2017-04-13	 || It would be perfect if widget would allow to filter tasks by list.
P14#95	14. Habit Pixel - Streak Track	4	2026-02-27	acker app. I like the option to add negative habits and the layout is good. I'd love the option to be able to separate habits, I want them in separate sections, like morning afternoon evening, or before/after work, and for this to be visible without having to filter by habit category. Right now they're just in a big long list, which is a bit overwhelming.
P14#276	14. Habit Pixel - Streak Track	5	2025-09-15	 || best and most stable life-in-pixel app I've found. has all the options others don't, like being able to tick the same habit multiple times a day, and being able to filter habits by category. All while having the perfect mix of fun and minimal design.
P2#7223	2. HabitNow Daily Routine Plan	4	2023-08-03	 || This is good app, I liked the app and it is very user friendly and simple to use it.One suggestion is to introduce few more features like * Tags * show category name in the habit list * filter or group by category/tags
P2#7900	2. HabitNow Daily Routine Plan	4	2023-03-31	 || Please add a feature which allows you to filter by task, or set different profiles so all work tasks can be separated from home life tasks.
P2#8885	2. HabitNow Daily Routine Plan	4	2022-11-20	abits recognised. Currently. If you have a checklist habit and you don't complete every single item, it is considered not done. It would be really helpful if you could have a started/ incomplete indication for those. @ Developer - Thanks for clarifying how to filter habits by category
P2#9611	2. HabitNow Daily Routine Plan	4	2022-07-31	he details that pull up 2. Tasks that appear only after others are completed. This could reasonably be premium along with subtasks. 3. Due dates for pending tasks so they disappear after a certain date if not completed. Should be in details (see #1) 4. Search/filter by category.
P2#12391	2. HabitNow Daily Routine Plan	5	2020-08-28	.g I want to pay my bills every month on the 1st, and I want to add a single recurring task. New Habit has the option "How often do you want to do it", but New Task does not. /- An "are you sure" question before deleting or undo option after. /- The option to filter the list of tasks by category. Especially if you also use it for work tasks, like I do
P20#116	20. MyRoutine - Routine Habit 	5	2025-02-23	 || Hey developer, Please add multiple reminder option and display tags under routine not filter by tags and also add routine description and also add options to display over notification as well. Thanks
P24#16145	24. Habit Tracker	4	2014-10-12	 || Add a way to filter and arrange the habit by category/type and it's perfect! I don't see why we can assign habit type but can't arrange it.
P3#5243	3. Loop Habit Tracker	4	2023-06-14	| - when "hide completed" and "enable skip day" are ticked, a habit is hidden as "✓" before you can mark it "-" which requires two toggles (suggestion: if skip day is enabled, assign first toggle as skipped rather than completed) - can sort by color but can't filter by color (gets crowded at some point) + GREAT widgets + straightforward
P3#6444	3. Loop Habit Tracker	3	2022-07-03	 || I love this app mainly because of the exponential smoothing but I think it could do with some improvements to become better than Repeat Habit Tracker: 1. Option to filter habits by day so one sees only habits for that day or all of them 2. Show the time and days for each habit in the habit list; I have to click on the habit to see the reminder time and Edit to see the day(s) for that habit 3. Option to add more than one reminder per habit/day in case I need to do it twice/more in a day. Thanks.
P3#6824	3. Loop Habit Tracker	5	2022-03-08	 || Could you add a feature to input a category tag to each habit, and then be able to filter by category? Filtering habits by color would be also nice. When you have many habits, it's hard to scroll down and this also makes it more organized. While I respect the apps privacy aspect, it feels like an accidental deletion, breaking my phone etc. easily erases all progress. If not cloud syncing, maybe a way to automatically and periodically export habit data and store it locally on the phone?
P3#8431	3. Loop Habit Tracker	4	2021-01-23	 || Super helpful to be able to see my track record. I like the fact that data is not automatically stored in the cloud. Choosing colors for habits is nice, too, but I wish I could sort habits into categories that I can lable and filter by and see just one category at a time. Nice product. Would definitely recommend.
P3#10291	3. Loop Habit Tracker	3	2020-02-02	mazing app. Even though i love it's simplicity I would like more psycological rewards such as : be able to horizontally scroll on the overview habits to see how I checked them in the past. Also include a dashboard where I can view on the same chart the habits with filter option. I can help with some UX if you need.
P36#194	36. Fun Habit - Habit Tracker	3	2021-02-22	sting habit/wish and rename it with different habit/wish - allow entering negative coin: to be used to record bad habit case so that it minus the coin balance - allow tracking for multiple users: for my case, plan to use it to track my kids' habit too - allow filter history log based on group - set icon as non mandatory since not important
P49#3684	49. RoutineFlow - Routine for 	4	2023-01-26	 || Needs some improvements. Mostly, I would love to be able to see my history as far as how long it took me to do a certain routine, so that I can adjust the times of my routines and therefore know what to expect generally. The "settings" icon looks like a "filter" icon, so that confused me at first.
P50#116	50. Habicat - RPG Habit Tracke	5	2026-03-07	 || Great app. This app should have filter by habit type.
P65#1864	65. Goal & Habit Tracker Calen	4	2026-08-03	 || Could you please add a "filter by pending" option so that when a task is completed, it disappears and only the pending tasks remain?
P8#121	8. Habitica - Gamify Your Task	2	2026-06-23	 || Great RPG motivation concept, but task filtering and sorting feel too limited. I want weekly tasks that can be completed any day, while still being visible all week. If a Daily is set for Sunday, it stays grey until then; if I filter due tasks only, I miss it. I’d like an option to show grey and due tasks together, or filter “tasks still to complete this week”. More sorting options by due date, priority, frequency, tags, or completion status would also help a lot.
P8#4866	8. Habitica - Gamify Your Task	4	2022-11-12	p for my family and close friends. It seems like the Party feature isn't customizable and the Guild feature requires currency which I'm not that far into yet. Also, I find it annoying that I can't organize my tasks by dragging it around the way I see fit. The filter is the only option which I have to redo that everytime which gets a little annoying. Overall, I'm enjoying this app as it did help with my productivity.
P8#8814	8. Habitica - Gamify Your Task	3	2017-03-24	 || Great App! But SO glitchy! Constant crashes. Won't show tasks for select catagories when filter by tag. TONS of loading time. Barely usable. All of its good features are useless bc they won't function! Need update! Please! I LOVE this app and I want to be able to use it!
P8#8923	8. Habitica - Gamify Your Task	4	2017-02-07	 || Still can't filter Tasks by anything except Tags, which is annoying. Android is still a bit behind the iOS app, and both lack the functionality of the website. Love Habitica, hope the app continues to improve.
P8#10203	8. Habitica - Gamify Your Task	5	2015-12-11	 || The UI is much cleaner, more attractive, and usable. It's also faster, which is a huge plus. The only problem I've run into so far is that it keeps crashing when I try to filter by tags, but I'm aware this is beta and new. Love it!
P8#13267	8. Habitica - Gamify Your Task	5	2018-05-09	 || The filter in daily always resets back to the option all. Please make it say on the selected option, because I have to change that setting everytime I open the app. Other than that, fantastic app!  -edit-   Thanks for your response. In my search for the bug report option I found a solution to my problem. In settings there's a "Set dailies default to 'due' tab,'' which is exactly what I'm looking for.
P8#15936	8. Habitica - Gamify Your Task	4	2023-08-01	 || Fun concept, but to-dos get messy when theres many. A way to filter by day would be nice. Like being able to click on a day and only seeing the tasks for that day
P84#12082	84. Tasks - To Do List & Remin	5	2023-12-16	 || I love being able to apply multiple tags and filter by them. The UI is nice and all the functions I want are there.
P84#13014	84. Tasks - To Do List & Remin	5	2023-08-07	 || Task app that is everything I imagined it should be. Google's and Microsoft's to-do lists left much to be desired. The custom filter list option is what I have always wanted. The tasks I need to know about are always right on my phone home screen widget. You have done a great job Steve, thank you. You have earned my money because you deserve it and I enjoy the web app for adding tasks quickly while at work. Haven't encountered bugs so far!
P84#13637	84. Tasks - To Do List & Remin	5	2023-05-09	-tasks between the tasks of the same sub-list. One simple & efective suggestion to achieve this would be to show an additional entry in the 'Sub Task Name' dialog which displays the other tasks in a list(i.e. similar with the 'Move to' list dialog) but with a filtering option(e.g. a text field) on top of it in order search for the desired task name within any number of sibling tasks.
P84#14991	84. Tasks - To Do List & Remin	5	2022-10-12	 || Thanks for providing simple and versatile app. Congrats for getting many high rated reviews. Appreciate your feedback in style. Please provide extra features 1) Start day and end day in the Date option of custom filter. The idea is to filter tasks in between days range. It helps to display tasks for next 7 or 30 days and so on. 2) Create menu option for monthly grouping of due tasks so that future tasks can be tracked conveniently.
P84#55360	84. Tasks - To Do List & Remin	5	2019-06-11	lo, Stephen! First of all, thank you for a convenient application! Please, add some features if possible: 1) Option to marking the task as completed by a single tap on it. 2) Possibility to set a custom snooze time for a notification. 3) Calendar to widget to filter tasks by date.
N1#1795	1. Reminders - Don’t forget. U	4	2023-02-02	Sugestion || Enable to filter by tags inside the list. Perfect.
N1#2488	1. Reminders - Don’t forget. U	4	2024-07-18	Still jot perfect || The filter option isn’t placing the food by category correctly yet. By example I was trying to add &#34; chicken &#34; and it didn’t get place with other meats I had on the list.
N1#12167	1. Reminders - Don’t forget. U	4	2023-09-21	Good but could be better || It strikes a great balance between offering an advanced feature set and being broadly accessible and available to many people, but some of the more advanced features seem to be left halfway.  Things like &#34;smart lists cannot filter by assignee&#34; and &#34;only the built in Scheduled view can group by deadline date&#34;.  Perhaps it&#39;s just me being on the border of the target audience and veering slightly outside it, but it chafes just enough for me to not be able to recommend it wholeheartedly.
N1#12199	1. Reminders - Don’t forget. U	5	2025-07-30	Tag and Date || Can filter by tags and date? Has this features?
N1#13147	1. Reminders - Don’t forget. U	4	2023-07-29	Filtering by tag inside of lists || The app is excellent. If only one were able to sort by tag inside of a particular list or flagged list, that would be excellent!
N1#14668	1. Reminders - Don’t forget. U	3	2024-01-27	Smart lists are worst || I’m trying switch back to reminders, but functionality of filters is unusable. List filter doesn’t allow include or exclude more than one list. App doesn’t allow filter by group.
N1#17688	1. Reminders - Don’t forget. U	4	2026-05-16	Use of Tags || I use Reminders a lot &amp; love it.  One thing it’s lacking is the ability to filter by Tags.
N1#20206	1. Reminders - Don’t forget. U	4	2025-03-15	More than Just Reminders || Great app on all Apple devices. Has pretty much everything you need for everything from simple reminders and to dos to small project management.   Only irritating missing feature: ability to filter by tag in column view.
N1#20513	1. Reminders - Don’t forget. U	3	2025-02-01	rs is so close to being great. It just needs a little attention. I’ve submitted feature suggestions for years, and I’d love to see the following improvements:  - The ability to have tasks repeat after a set amount of time after being marked as done. - Smarter filtering options for Smart Lists. - The option to mark a task as due this week or this month without assigning a specific date.
N1#20795	1. Reminders - Don’t forget. U	5	2024-12-21	 and decided to take Reminders out for spin before looking at paid apps. I’m glad I did.   For my personal use case, this app is perfect and more than adequate for extensive, daily use tracking detailed to-dos.  With iCloud enabled, the app provides:  - tags; filtering by tag - task categories (each category is a section in main view) - optional date/time indication - tasks that automatically move to the next day when not completed as scheduled - recurrence; custom recurrence scheduling - integration with Calendar such that the Calendar widget shows Reminder tasks alongside calendar items
N1#24624	1. Reminders - Don’t forget. U	4	2023-10-10	Needs more filtering & sorting options || Loving the new list functions, like the grocery list. Wish you could filter by tags and sort by category.
N10#560	10. Microsoft To Do - Capture 	1	2023-09-24	Does note sync and is is clunky || Poor example of a dynamic task management tool  Sync lags over devices if multi use.  Eg ipad, phone and pc  Unable to filter by category   Not ready for fast pace 50 + email / tasks a day use  Ok if you need a reminder for 5 things a week only
N10#10032	10. Microsoft To Do - Capture 	5	2022-11-26	Incredible, can improve || Incredible app. Few suggestions  Tasks get accidentally completed due to accidentally taps. Swipe to complete is a better way to tick off tasks  Print list has completed tasks too. There should be an option to filter by status (Completed / Pending / Important)
N10#13155	10. Microsoft To Do - Capture 	3	2020-04-17	More filtering would be useful || Should be more filtering options, for example currenly I chose filter by completion so I can see open items on top and completed below, however would be good to see it in alphabetic order that everytime when I want to untick completed item I dont need to look for it for few minutes
N10#16553	10. Microsoft To Do - Capture 	2	2020-06-18	Missing Outlook categories || App is good but is missing a key feature for me which is the ability to organize and filter tasks by Outlook categories. Without this feature the app is completely useless to me.
N10#17255	10. Microsoft To Do - Capture 	5	2020-04-14	General suggestions || * assign more people to one task * filter option (by year, month or etc.) * xlsx or csv export * personalized comments to tasks * last date to inner tasks (steps) these are my suggestions about your app. I&#39;m very happy to use your app. Best regards.
N10#17940	10. Microsoft To Do - Capture 	1	2026-01-09	Categories || If you can’t add &amp; filter by categories, then Apple Reminders app is all you need.  No need for a third party app.
N10#18882	10. Microsoft To Do - Capture 	4	2024-02-28	One small fix || I wish the ‘This Week’ filter option on the ‘Planned’ smart list actually did what it says.  Instead of showing entries due in the current week (Sun-Sat), it shows entries within 7 days from the current day (so it extends into next week on weekdays). Please fix. :)
N10#19167	10. Microsoft To Do - Capture 	5	2023-09-18	g list of pending task. I use it to assign tasks to my office team and check who is light and who is overloaded. Every list is a a project. Here is what would make it better:  1) Ability to add task to outlook calendar and add time to due dates. 2) Ability to filter tasks by assigned person (I have to use hashtags to go around a lack of filters). 3) Ability to assign tasks to multiple people.  If those features were added, I would give it a full 5 starts!
N10#19348	10. Microsoft To Do - Capture 	1	2023-05-09	Useless with no tags, uses antiquated container or folder paradigm || Why would they still use the old paradigm of this folder or that? For work or for groceries you need to be able to filter by multiple filters. Maybe I want to see all items that are for Alice, maybe I want to see all that are security initiatives.  What if it&#39;s both? Too bad!
N10#19569	10. Microsoft To Do - Capture 	3	2022-11-04	Good but wish it did more || It works OK but if you could filter by category that would be fantastic. Just too basic. Making it work like Outlook Tasks functionally is the goal.
N10#23021	10. Microsoft To Do - Capture 	2	2017-12-31	Lacks some basic features || Lacks Outlook features like: - showing flagged emails which show up in the task bar - Showing task categorization on Outlook and letting you organize / filter by it  Check out TaskTask (the app) for ideas, would make a great acquisition for Microsoft
N2#5204	2. Calendar	3	2025-12-14	Could be better || The app is alright. I use it only for the widget though. And only to see birthdays. For the rest I use Google Calendar due to integration with my employment corporate IT.  A couple bugs that would be worth fixing  1. Widget doesn’t filter by a focus.  2. Widget refreshes very late. My Google Calendar widget performs much better
N3#26170	3. Notes - Take note of almost	5	2023-11-05	ut when i just open the app, not too appealing and easy to search, reveal your note.  I use both GG Keep and Notes, Notes is better at note and format, export to PDF, but when i look at files and folder, i personally prefer keep since they have the categories filter (1 at the time, cant filter 2 option).  I still want to keep the folder, but i think Notes will be better if we have the categories and 2 option for the Notes display, i like the way Keep show their notes.  yea and personally the color option from keep is not that necessary.
N4#3578	4. Apple Health	2	2025-11-05	Eye health, medications || Would be good if you, when seeing all this glasses and contacts prescriptions, you could filter by the type and sort by date taken and date of expiry. Also definitely there should be a feature to change the dosage of a medication after creating it.
N5#1126	5. Apple Fitness - Fitness and	3	2026-08-11	 the HIIT go so quick and aren’t always easy to pickup. They need to provide a series where you can learn the different moves at a slow pace so that when you do a workout, you can follow.   They also need to start categorizing the different sessions and allow filter by upper vs lower body, filtering by beginners, easy, medium or hard, or maybe filter by move. Filtering would allow you to build a better custom plan that really focuses on those areas you want focused.   Lastly, why isn’t Sunday included in custom plan?
N5#1134	5. Apple Fitness - Fitness and	4	2026-06-22	Love it  but should be able to filter workout by muscles group || Hey I love it but should be  able to filter by muscles group
N5#1204	5. Apple Fitness - Fitness and	3	2025-11-10	Great coaches, good app design, too many bugs || Please fix the filters. If we filter by coaches, time or both, then only approximately the four or five most recent appears. You have a great library of training sessions! Make them available to users ;( Also, in the same mindset, a counter, instead of checkmark would be great. I would like to know how many times i have done a specific session. Keep the good work. Hopefully you will get the proper bandwidth to fix bugs. Definitely will review 3 stars if you can fix that. Kudos to the trainers!
N5#3529	5. Apple Fitness - Fitness and	2	2023-08-11	Nice interface, too hectic || The interface in itself is nicely made, the filters are a bit off…I would prefer to filter by fitness level rather than trainer names… the training videos are well shot but the music…omg the music! It’s too upbeat and hectic and club style for me. I know it’s personal preference but it’s too much
N5#3743	5. Apple Fitness - Fitness and	3	2022-11-01	Nice but… (Fitness +) || I like the idea of training at home very much, since i never was a fan of gyms. What I really miss are filter options. You can only choose between the kind of “sport” you want to do and the duration. I would like to be able to filter by the part of the body that the workout is mainly concentrating on. To read the training description takes way to long. I have problems in some parts of my body and need to work on special muscle areas. So right now it’s really hard to find an appropriate workout. It would also help not to have my trainings library on the very end of the screen selection and the possibility to make some notes of my own for those saved workouts. Please i
N5#4808	5. Apple Fitness - Fitness and	4	2021-11-06	Sports Filters by user experience || It could be great if when searching exercises inside one sport, as instance Yoga, users could filter by their previous experience (beginner, medium, difficult,….
N5#5630	5. Apple Fitness - Fitness and	2	2025-11-09	 core || Making use of the free trial since buying the new iPhone and honestly surprised at how Apple like their app is. Just like their hardware being so closed, so is this app! It’s not intuitive or user friendly. Can’t rewind or fast forward a video. Can’t filter by ability. Doesn’t suggest what you’ll need for each workout. No cool down. Need more description for each workout to avoid being 10 minutes in and realising it’s either too easy / difficult.  Pro’s: what I will say, is decent videos with good workouts / trainers, and varying ability of “trainers” being shown to adapt workout.  It’s an established enough of an app and these are such easy and simple inclusions… no acceptable excu
N5#5665	5. Apple Fitness - Fitness and	2	2025-05-29	Just not good enough || I really want to write a glowing review but I can’t. Don’t get me wrong, some of the workouts are good and the trainers (of the one I’ve tried - mainly female strength training) seem quality, but there is no way to filter by fitness level aka where you are on your fitness journey, ability; such as knee-friendly, seated or no jumping workouts. There isn’t even an option for choosing core training. You can perform a search, but the workouts are titled using there already exists activity type categories, so you don’t know what you’re looking at in the search results and of it doesn’t seem to relate, or I can’t tell if it does. And, I’m not about to go through every item 
N5#6175	5. Apple Fitness - Fitness and	2	2022-09-02	pushing hard etc rather than being told to pretend how frustrated I am about a flat tyre in my car…  Search capabilities are poor (very difficult to go  from episode 1 and follow in order so it’s very sporadic. Also the filter searching is pretty basic. Can’t filter by difficulty, just by time.
N5#6227	5. Apple Fitness - Fitness and	1	2022-01-08	rnians.  It considers “yoga” to be one single amorphous thing, high-intensity flows performed by overenthusiastic Americans in overdecorated studios to Gen Z music (no wonder given Apple Music’s obsession with the same niche I suppose). No labelling or way of filtering by type of practice (there are a tremendously diverse set of kinds of yoga) or any useful descriptions of individual sessions (only a marketing preview for each video).  I’ve tried a lot of yoga apps on the App Store, and honestly, not a single one is worse than this. Maybe the other kinds of workout are better?
N5#11773	5. Apple Fitness - Fitness and	5	2026-08-13	Love this fitness app! || Such a great way to get in a workout in the comfort of your own home. Tons of options. Including dance- how fun! The customization is great. You can filter by time/equipment type/body area focus. I use this app every single day. Instructors are GREAT! One thing it’s lacking is a guided stretching option.
N5#12004	5. Apple Fitness - Fitness and	1	2026-04-24	Wow how ground breaking. You can filter workouts by music. What a joke. || Can’t filter by specific body parts or more granular workout details. Pick at random with know insights. I’d rather have a dead rat in my mouth.
N5#12047	5. Apple Fitness - Fitness and	5	2026-04-12	iety of workouts you can do is AMAZING! Great if you want to mix things up or if, you know, are quick to judge your improvements for one type of exercise and need to try something else for a while.   The music used to bother me but then I learned that you can filter by type - and that they’re always adding more! I love the new J Pop and K Pop!! More more more!!!! It’s always such a sweet surprise when I pick a new workout and it’s themed after a month or a celebration. As someone in both LGBTQ and AAPI communities, I really love how inclusive the trainers and the workouts can be. Gyms can be much less forgiving…and wildly expensive!!
N5#12328	5. Apple Fitness - Fitness and	3	2025-12-24	No Levels To This || First, I don’t understand how the workouts don’t have experience levels as an option to sort by. If you’re doing Pilates for the first time, good luck keeping up. You can filter by music type or trainer or duration but not experience levels or intensity? That’s basic for any fitness app. Second, why is there no separate category for stretching? If I want to stretch to maintain and increase my flexibility, I have to do the cooldown which is only for a max of 10 minutes and the trainers rush through the stretches to accommodate that time limit. Or I have to do yoga which I’m a beginner at and run through poses I’ve never heard of or done before like I’m an expert yogi. Thi
N5#12467	5. Apple Fitness - Fitness and	3	2025-10-28	Bugs since 26.0.1 || I usually really love this app but when I use the filter option to search/set parameters, it only loads two exercises and then crashes. Would be a five otherwise.
N5#12829	5. Apple Fitness - Fitness and	3	2025-06-07	Please update filters || Almost a great app but who wants to filter by music? I want to filter by muscle group, intensity, type of exercise. I often open the app and then don’t use it because finding something is so difficult. Please please please update filtering.
N5#12887	5. Apple Fitness - Fitness and	1	2025-05-14	ts and likable instructors — too bad they’re buried under one of the worst user interfaces I’ve ever experienced. Navigating this app feels like Apple actively wants you to give up on exercising.  There’s no way to build a program or plan your week. You can’t filter by difficulty, progression, or even mark favorites properly. Want to resume where you left off? Good luck — this thing has the memory of a goldfish. And don’t even get me started on syncing issues. Half the time my Apple Watch stats don’t show up, or the app just freezes altogether.  It’s shocking how bad this is coming from a company known for sleek design. Fitness+ feels like it was slapped together by interns on a deadline, th
N5#13354	5. Apple Fitness - Fitness and	2	2024-12-14	Please bring back the filter button! || I used to love how quick and easy it was to find workouts that I wanted with the filter button. It was so nice to pick your workout type, workout length, instructor, music genre etc. and the latest update removed the filter button. Please bring it back!
N5#14446	5. Apple Fitness - Fitness and	1	2024-01-26	FITNESS + || I tried out the Apple fitness+ workout videos. The content was good, none of the workout were “intense” mainly they seemed like intro classes for amateurs. But I’m a amateur so that worked for me.  I like that you filter by instructor and music. My main issue was that the video did not let me skip forward or backward. The video kept glitching and ending before it was done. When I went to start the workout again, i had to rewatch the video to get back to where it left off. I kept having to reconnect my phone to my AppleTV. Once I have fitness+ on my appletv, I shouldn’t need my phone to work out. I think the content is good but the software is buggy making this subscription not w
N5#14683	5. Apple Fitness - Fitness and	5	2023-11-26	Lots Of Options || I’ve exercised for 30 years and have done everything from VHS videos to a gym membership. This app is great. There are multiple exercise categories, such as yoga, kickboxing, strength training, dance, and meditation. You can filter by how long you want to workout (10, 20, 30, or 40 minutes), by trainer, etc. Some of my favorite trainers from other exercise programs are on there, and the trainers who are new to me are also excellent. There are rewards you can get for calories burned, number of days worked out in a week or a month, and so forth but these are not important to me so I can’t comment on them. It is fun to watch my ring progress on screen while I’m working out. T
N5#14690	5. Apple Fitness - Fitness and	4	2023-11-23	Good workouts but… || This app seems to have some good workouts but the filter needs to be fixed. They need to add an option to have oldest to newest so that you can follow a plan better.
N5#15028	5. Apple Fitness - Fitness and	4	2023-08-07	 you have 30 minutes in the morning, the last thing you want to do is scroll though a bunch of workouts you’d never consider just to get to something that seems doable. I love yoga workouts so maybe there could be a way to quickly access yoga workout and then filter by level and time from there. Because let’s be real, even with modifications, not every yoga workout can be for beginners. And beginner ones aren’t ideal for expert level. This seems like such a no brainer, to have better filters, I’m honestly surprised Apple let it go out and stay like this.
N5#15063	5. Apple Fitness - Fitness and	3	2023-07-27	Wish They’d Add More Advanced Yoga Classes || I love the yoga classes that Fitness+ offers, but I wish they would add more advanced classes and would give the option to choose intensity and difficulty for each yoga practice. Something similar to the Alo Moves filter button or the Down Dog options for each yoga practice. It would be nice to be able to choose different styles such as Vinyasa, Hatha, Yin, etc.   The HIIT classes on the other hand are amazing. I haven’t found another app that offers such enjoyable HIIT the way Apple Fitness+ does.   I don’t use the other classes. I’ve tried the strength training, but I feel I don’t get a good enough workout so I don’t do it.   Improving the yoga
N5#15080	5. Apple Fitness - Fitness and	3	2023-07-19	Separate music volume control, filter by beginner, moderate & intermediate classes || I’m so glad I tried Fitness+! There is such a wide variety of classes and levels it’s been fun trying new things or saving &amp; repeating classes I liked. The teachers are wonderful, again the diversity in personalities and energy (all positive ones too!) is like meeting new friends. I’m hearing, but have signed most of my life because I went to a mainstream school, so seeing the use of ASL by the teachers was a surprising and a cool perk! I love the music too, they pick songs that flow with &amp; boost the workouts but I would like the ability to change the song volume behind the teachers voice, because i
N5#15082	5. Apple Fitness - Fitness and	3	2023-07-18	 for years or maybe even just months, you can find what you’re looking for because you’re on a first name basis with the instructors. But what if you just want to find a specific type of yoga?  Maybe chair yoga or core power yoga.  There’s no search.  You can filter by instructor (which no one knows or cares about until there experienced a few), by music style (nice, but pretty low on the list of priority for the uninitiated) and flow style.  I get frustrated every time I try to use workouts and just go back to searching you tube
N5#15426	5. Apple Fitness - Fitness and	5	2023-04-06	I use it 3 times a week || Honestly, I really don’t have anything bad to say about it. Outside of some slow filtering when browsing workouts by time, I’m pretty happy with what I pay for per month.  I only have 1 request for apple and the team that maintains this app. Please, please! Add sorting by workouts not completed. It would be so helpful when I’m looking for something new. It’s a pain to have to scroll and scroll and scroll to find a cycling workout that I haven’t done.
N5#15856	5. Apple Fitness - Fitness and	5	2022-12-27	hough. I think you should have a better organization system for the library and put it at the top of Fitness+ not the bottom. It would also be cool if you could do a really big workout series for under 13, and it would also be cool ifyou added a more advanced filtering system option, such as workouts with no jumping for apartment situations. I was reading a lot of negative reviews and I realized many of them have ideas and suggestions that usually phrased aggressively but are actually good ideas. A lot of the best apps have responses to a lot of reviews so consider reading those.   The Fitness+ subscription seemed a little pricey at first but it has been so benificial and with all the hard w
N5#15918	5. Apple Fitness - Fitness and	2	2022-12-06	Could be great || I like it but it’s not really thought out and inclusive in my opinion  I wish you could filter by intensity/skill level The dance category is supper boring to me as someone with a strong dance back ground which it had more options and they worked with the song through the whole workout not just at the end I wish you could do family workouts 1-3 people in the same room not the sharing that offered  All the workouts are for able bodied people so my mom who’s on oxygen and only to do sitting to very light aerobic workouts can’t even do anything apple offers I’m sure a lot of people would love to have that option
N5#16112	5. Apple Fitness - Fitness and	4	2022-10-11	Great but needs more filter for body parts || I’ve been using this religiously for the past year or so.  As I’ve gotten more advanced I’m finding the need to filter by body parts worked out.  I’ve sent that sometime upper body workouts only do back and biceps. Sometimes it’s chest and shoulders. I’d just like to be able to filter that out
N5#16372	5. Apple Fitness - Fitness and	2	2022-06-19	Please add a search function || Good workouts and trainers, but not having a search/filter option is brutal
N5#16436	5. Apple Fitness - Fitness and	2	2022-05-19	App Needs Work || There should be an easier way to access saved workouts without having to scroll forever to get to the bottom of the screen.   If I’m already in a particular workout, say cycling, and I want to filter by trainer, why show all the non-cycling trainers who are greyed out instead of just showing the applicable cycling trainers??  The main Fitness+ page seems very busy and not very organized. The layout is just not pleasing to the eye. I always feel like I’m working out just scrolling through the page.   And it may be that I just haven’t found this yet, but it would be nice to just see all the workouts I’ve already taken on a separate page from a menu that is easily accessible. 
N5#16449	5. Apple Fitness - Fitness and	3	2022-05-10	Fitness + doesn’t have accessible workouts || As someone with a disability, I was disappointed at the lack of options within the workout. ie a teacher saying “here’s an adaptive way of doing this”. It was also frustrating to not be able to filter by intensity.
N5#16495	5. Apple Fitness - Fitness and	5	2022-04-15	 I like! I love how the workouts are integrated with my watch and therefore health tracking like heart rate. I love the variety of workouts and the personalities of the trainers. I love that they offer modifications for all fitness levels. I like that you can filter the workouts by time, trainer, equipment needed, muscle group worked, etc. and they’re releasing new workouts so often that I never run out of classes, even though I’m doing 10-12 classes per week. My one suggestion to on would be that I could use the workouts from my laptop or appletv (without airplay). Overall- very worth the money.
N5#16850	5. Apple Fitness - Fitness and	2	2021-10-27	apps this one doesn’t hit the mark.  The cycling class needs to be more specific with what resistance and cadence ranges you should be at. Also,  the ability to read cadence when cycling would be nice.  If Apple could add more information about the classes to filter by and add the cycling cadence I would make the switch from the Peloton app.
N5#16856	5. Apple Fitness - Fitness and	5	2021-10-25	which doesn’t have it’s own programs. Next up will be dance, and then strength. Some reviewers have said that the workouts are difficult to search, to find certain exercises or emphasis. Actually, t this feature IS AVAILABLE in each main category by using the filter button at right. Since I have an iPad also, I can either watch the workouts on it, or screen share them to my Roku TV and then use private listening from the TV to get the audio in my airpods while I can see a nice big display.
N5#16863	5. Apple Fitness - Fitness and	2	2021-10-19	y and barely a workout, some are harder. Some are made for specific muscle groups, while others are more general. Yet for some reason in all of Apple’s wisdom they decided it wasn’t important to tag any of these videos with that information or allow people to filter by them? The person leading the class is probably the least important information in this format, yet that’s the only information Apple gives. I also use Nike Training Club, which is FREE, and it provides all of this and more. If Apple is going to try and charge $10 a month for this, I expect more.
N6#657	6. Google Tasks- Get Things Do	4	2026-01-27	Recommendations || It’s handy. Would be better if I could colour coordinate and also it had a filter by due date function etc
N6#2144	6. Google Tasks- Get Things Do	5	2018-08-23	Please add filter by due date and completed || Any other filtering option will be useful
N6#5076	6. Google Tasks- Get Things Do	4	2025-05-18	ine  I use a variation of the Eisenhower Matrix to triage tasks:  • Important/Urgent  • Important/Not Urgent  • Urgent/Not Important  • Not Important/Not Urgent (these are often joy-giving but deprioritized)  To manage these buckets:  • I’d like to assign and filter by these labels or groupings.  • I should be able to toggle which task lists I’m viewing, similar to how you might show/hide series in an Excel chart.  • Whether this happens in Calendar or Tasks doesn’t matter—I just need one central, reliable location to group and interact with my priorities.  ⸻  3. Address Calendar Task Input Errors  Lately, I’ve been experiencing a high failure rate when trying to input tasks directly in Goog
N6#5130	6. Google Tasks- Get Things Do	3	2025-01-28	Search bar || I’d like to suggest a feature that would greatly enhance the usability of your application. Specifically, it would be incredibly helpful to have a search bar that allows users to search and filter tasks based on any word or keyword from the task list.  This functionality would make it much easier to navigate and manage tasks, especially when dealing with larger lists.  Thank you for considering this request. I believe it would be a valuable addition for many users.
N7#6890	7. Google Keep - Notes and lis	2	2025-08-03	Good BUT || No widget, no option to add hyperlinks, no option to sort, no option to filter URLs on some iOS versions, no offline option on web, no option to attach lightweight files such as PDF.
N7#7983	7. Google Keep - Notes and lis	3	2017-07-23	New features WANTED || Please add the the following features: - the ability to filter by selecting multiple tags/labels!!! - the ability to place photos anywhere in the text body.  - the ability to mark text with markdown syntax (making text bold, italic).  Fresh new design would be nice!
N7#11278	7. Google Keep - Notes and lis	4	2019-01-24	Add following features: || -Place notes within notes so notes become like folders  - Filter by more than just 1 label.  - sorting by &#34;most used notes&#34; in front page &amp; label view.  -when i save link from google browser app it doesn’t generate a title
N8#20639	8. Google Calendar- Get Organi	2	2015-05-02	No filter by month || Love the graphics, but we all want to see what&#39;s going on in a month.not just a day or week.
N9#4889	9. Google Sheets - Collaborate	4	2019-05-14	Data Filters || Works great; however, there is no option in the data filters for numeric comparison. It is only text based.   Example: Filter for values greater than zero isn’t possible through the mobile app.
N9#6961	9. Google Sheets - Collaborate	5	2023-10-24	Excel on your hands || Some things are hard to do at the mobile version but if you have everything ready from your computer you will enjoy make changes, calculations, filters, etc from your cell phone. Good option
N9#7531	9. Google Sheets - Collaborate	5	2016-03-24	Finally. Sort option have arrived. || After a long time user finally got sort and filter option. This tool is now perfect. Well done Google.
N9#9057	9. Google Sheets - Collaborate	5	2020-08-10	, if we have a list of subjects and we need to assign many value to each subject or record in the sheet (like assigning tags or labels) so we would be able to filter the subject items by tags, I need to be able to assign many values in one cell and be able to filter by them using dropdown multiselection.
N9#13625	9. Google Sheets - Collaborate	1	2014-05-02	 limited || Doesn&#39;t do anything google drive didn&#39;t do. Needed to urgently edit a document only to find I needed to download 38mb app in area with poor signal.   Can&#39;t believe there is still no ability to filter. If you save a file in google drive with a filter on (using a PC) there is no way way off turning it off in the mobile app.
N9#15634	9. Google Sheets - Collaborate	1	2026-07-13	Extraordinary Bad App || I genuinely don’t understand how this app doesn’t have options to Unfreeze columns (I converted excel to native format as well). The filter option is unusable too. This is what surprised me the most.  Date - 13 July 2026 Latest iOS app version as of 13 July 2026. iPhone 16 on latest iOS.
N9#15947	9. Google Sheets - Collaborate	3	2024-02-29	Applying Filer option in Sheet || While applying filter function If option of filter more than page appear on screen, then it is unable to select that because keyboard does not disappear.  No option to disappear the keyboard.
N9#16423	9. Google Sheets - Collaborate	4	2017-06-08	App Review || It&#39;s good in my iPhone to review but I am not getting the filter option to filter multiple columns update that part.
N9#25788	9. Google Sheets - Collaborate	3	2019-01-11	Filter option || A bit hard to filter. The search option only gives you the option to check or UN-check the content
N9#35289	9. Google Sheets - Collaborate	5	2025-03-18	Good || Please add * Filter views * icons to the right side menu * bring Find and Replace lower * Clear formatting and Number format should be on same tab * Make formula editing field much bigger or resizable and let select other sheets in the formula * a bug when editing the cursor jumps to the right
N9#38488	9. Google Sheets - Collaborate	2	2021-12-08	So limited compared to browser version || I love sheets but this app truly is disappointing and I loath it. I cannot do 85% of the basic functions I can do in the browser at all and what I can do is usually way more complex.  Simply things like applying a filter require clicking an obscure menu, there is no sorting of data, auto-filling is inconsistent.  I try going to Sheets in the Chrome Browser on my Ipad to work around this and it insists on opening up this piece of junk.
N9#47039	9. Google Sheets - Collaborate	4	2016-02-02	and organization! || Such a great app, it&#39;s close to perfect! I use it a ton for business, and it really helps to keep information organized and easily accessible. One of my only immediately-additional add-ons I&#39;d desire is the ability to use the &#34;Filter&#34; option while in-app on a mobile device (i.e. iPhone or iPad, etc.) Other than that, it&#39;s really great to use on Google Drive on PC!  Thanks Google!
