A1#43765	1. Habit Tracker - Goal Tracke	2	2024-10-06	en though the main functionality is quite good, the visuals are not that appealing. Even though I turned off notifications for HRV, I still get them on my Apple Watch and they are quite annoying. Also when I went into the section of HRV on the Apple Watch the menu button did not work anymore. And even killing the app on the Apple Watch wouldn’t help opening up the app would lead to the HRV section immediately. sometimes some parts of the UI on the phone version do not refresh or do not show the correct information like new habits until you kill the app. Or the app would offer discounts for buying a license, even though I just already buy a lifetime license.
A10#29500	10. Finch - Self-Care Pet - Da	5	2025-09-09	Obbsessed! please read! ྀིྀིྀིྀིྀི || So, My sister introduced me to finch and I downloaded it is amazingly good. Its a fun game. The three lines show tons of activities ! And even gives you prizes, and its not just about taking care of the penguin, its about taking care of you. Games, Breathing exercises, fun, joy, streaks, And muchhhhh more :)
A18#1962	18. MyRoutine - Organize your 	2	2026-04-21	Don’t Bother || App is unbelievably laggy and slow, even on three bars of WiFi. It doesn’t let you edit existing habits, for some reason. It has a very confusing and overwhelming interface. Many things are locked behind a paywall, and interface is very uncoordinated, unaesthetic, and simply ugly. Don’t bother downloading; look elsewhere.
A24#40	24. Fabulous - Daily Habit Tra	4	2023-06-20	Great app || I loved it, this app helped me a lot with some of the bad habits I have and change my routine for the good. I used to wake up with absolutely no energy but now it all changed and I wake up full of energy. (That last 3 lines were cringy, but great app)
A31#1875	31. Do Habits - Get It Done - 	2	2021-04-10	Problem about Icon on apple watch || Choosing Infograph modular as a wall paper, 3 lines Icon has a problem.
A46#1800	46. everyday - Habit Tracker -	1	2023-11-16	only three lines? || if you try to add a 4th habit you have to sign up for premium. the list doesn’t scale so it’s mostly empty. i haven’t even really used the app yet, i was just setting up.
A76#3707	76. Way of Life - Habit Tracke	4	2011-11-22	Nice and simple, encouraging to use || Loved this app so much I bought the upgrade to have more than three lines to track. Recommended!
A85#1152	85. Habitica - Gamified Taskma	3	2021-05-29	Force close || Force close when i clicked the &#39;three lines&#39; on the right. I want to check my party, etc but always force close. HELP
P111#2283	111. My Study Life - School Pl	5	2021-02-08	 || Cross platform syncing works very well and this feature alone makes this app stand out from other planners. However, I want to suggest some changes like changing from Hamburger menu to bottom navigation bar, and also giving an option to choose default tab on opening.
P125#19566	125. 21 Days Challenge	4	2020-05-09	 || It's great and all but in my opinion is that you should add a tutorial button in the menu where the three lines are and you should add like, "click a challenge, scratch the challenge and here's a way to mark it." Because I literally don't know how to "complete a challenge." A lot of people may not memorize how the tutorial goes. I also think you should make something like "Remove challenges." Option. I recently got the sleeping schedule challenge and I don't like it. Thanks.
P126#7988	126. To Do List	3	2022-11-27	 || Missing a lot of functionality. Cant reorder tasks by hand, there is no way to have them ordered by category. No way to set font size or colors, meaning that tasks take usually 3 lines, more often 4 lines, since they use large font.
P2#11878	2. HabitNow Daily Routine Plan	1	2021-02-17	 || You can't re order habits and tasks. I need things to be in the right order or else I won't do them. There should be a 3 line icon to reorganize habits and tasks This is a basic feature to have in any app. Disappointed.
P3#18283	3. Loop Habit Tracker	5	2020-02-04	efficient. Great stats, elegant night mode ... and no adds 👍. For further updates, it will be good to have the possibility to make an objective twice, or more, by day. My goal can be to meditate 3 times by day, for exemple. It become more simple than creating 3 lines. And perhaps a full stats view. Thanks to devloppers for your work
P37#214	37. Habitify - Habit Tracker	2	2025-09-15	 || Lots of little bugs that make it a nightmare to use. The 2 most annoying ones that are leading me to seeking an alternative: 1. A habit with sub-tasks: You have to click very precisely on the tiny 0/3 line, otherwise you'll accidentally mark the whole habit as done, or go into the habit's log. 2. Accidentally marked a habit as succeeded or failed? Holding gives you an option to undo, but it doesn't undo. The extra star is because I like the concept, but the execution is flawed.
P5#2514	5. Routine Planner, Habit Trac	2	2021-07-17	 || June 29 2021 Update ruined rescheduling habit lists, it is near impossible now!! Just have edit list as an option in the ... menu where they can be moved only by touching the 3 lines next to task!! Right now broken beyond belief, touching ANY task while scrolling makes the task get reordered I just ruined a longtime habit when i wanted to add one thing in the middle of it. Glad I'm not paying for this anymore, not only is its premium features overpriced but the developers keep breaking it
P8#3301	8. Habitica - Gamify Your Task	4	2024-05-20	 || Would love some 'tiles' for the google pixel watch app instead of having to manually open it. Also i believe the hamburger menu looks a little outdated - maybe something with more formatting and rounded edges would look better
P84#8060	84. Tasks - To Do List & Remin	5	2025-11-07	i have, and it doesnt even matter that much which is every time i open the app and go on the calendar, after a few clicks of going through it, it will not let me click through it, kinda like the calendar froze but I could just click onto another list with the 3 lines and come back. Thank You
P84#11276	84. Tasks - To Do List & Remin	1	2024-04-18	 || I've just installed this app and it's only showing me a white screen with a blue banner at the top and the 3 lines at the top left hand corner which doesn't give me a lot of options to select
P84#20584	84. Tasks - To Do List & Remin	5	2020-06-24	ee, if I report a bug😅. Edited :- I was just messing with you😅. I am an android developer myself and I know how hard it is to maintain something like this. Steps to reproduce the bug. Step 1 : Fresh install the app (No data in the app) Step 2 : Press and drag hamburger icon upward. Toolbar will go upside and you will not be able to drag it back again. But you can use the navigation drawer by dragging from left to right.
P84#26595	84. Tasks - To Do List & Remin	4	2019-07-29	 || i love this app. However, when you're on a list and press back, it exits the app because there's no home page; your lists are in the hamburger menu. I wish the app had a homepage of your lists
P84#32890	84. Tasks - To Do List & Remin	5	2017-11-26	up/down if left/right would interfere with the current functionality). It would be of tremendous help when operating the phone with one hand, especially on large screen phones. Let's say I want to quickly see my shopping list while at the store. Reaching that hamburger menu with one hand is quite cumbersome. Or maybe adding some ∆ buttons at the bottom instead if swiping is not possible.
P97#2690	97. To-do list - tasks planner	3	2024-09-05	 || It's pretty to look at and nicely done, but very impractical. You can't move and rearrange your tasks, you can't make individual lists that aren't time based. You can't quickly get to the hamburger menu, but instead have to press back a bunch of times. There's no "quick add", but instead you keep having to press add, then save, add, then save, over and over.
P97#3628	97. To-do list - tasks planner	5	2023-01-22	 || This app is exactly what i was looking for! Habit tracker, daily planner and schedule for my work!! There is only one thing, when i swipe right to open the left panel it doesn't slide, i need to touch the top left 3 lines to open it. Just this one and the app will be perfect! Thanks for ur effort!
N3#23332	3. Notes - Take note of almost	5	2025-03-28	Great but alignment is annoying || App works just fine, but the alignment is all off. Every time I change the alignment of the text on my Mac, random paragraphs below it change too. Like if I change one paragraph’s alignment to the right, the next three lines also shift right but when I go to fix that something else changes. Or other times, I’ll center one line and then some random text several paragraphs down centers too. It’s nonsensical and annoying to keep fighting with it. Also there’s no way to change the alignment on my phone??
N3#25790	3. Notes - Take note of almost	1	2024-01-09	 the notes app for watch! || Another one of the many things Apple has again failed to address in syncing devices is allowing users to view/sync iOS Notes on their watch. How long will it take Apple?? I tried using reminders but can’t view anything longer than 3 lines (like a simple shopping list).
N3#27276	3. Notes - Take note of almost	2	2023-03-13	s out and then the app got super laggy?? || I’m only still using it because I need the notes and there is not good way to transfer them over to another app and keep using them. But the lag with my Apple Pencil is nearly unbearable. I’ll write out by hand like three lines of text and it isn’t until seconds (yes more than one 🙃) later than the text finally loads in and shoes what I’ve written. So I’m flying blind. And this isn’t mentioning even the super basic things it could do well or decently for a notes app. The reason it doesn’t get one is because technically I’m able to write in it and I can search my handwriting ok-ish (it’s not great but it’s something). I think it was the new update b
N4#823	4. Apple Health	2	2024-02-27	eeping. The most frustrating thing to see the app knows when I went to bed, and didn&#39;t turn on the sleep mode intuitively. Why must I click a button to say that I&#39;m planning on sleeping when I&#39;m in bed during my set sleep schedule? It seems like 2-3 lines of code to have sleep mode turn on after 5-10 minutes in bed - maybe 15 lines of code to make it a customizable feature. Every other smart watch can intuitively record sleep habits but I have to tell my apple watch I&#39;m asleep? I thought apple was supposed to be the user friendly/easy to use brand but this is painful
N5#280	5. Apple Fitness - Fitness and	1	2025-01-08	  Still disappointed it doesn’t work as expected—regret purchasing a year-long subscription.  UPDATE 03/2024: Offline mode is still not available! The app assumes constant internet access to stream HD content, which isn’t practical. Even with a strong signal (3 bars on Telstra), the app often fails to load.  Downloaded episodes are unusable without mobile service or when in flight mode, even with up to 3 bars of signal. This makes the app useless in places like the gym, where there’s no signal due to the building’s construction.  Please add an offline mode to make the app functional in these situations.
N6#4827	6. Google Tasks- Get Things Do	1	2026-09-17	No Longer Efficient for Multiple Lists || I absolutely despise that the little hamburger menu was taken away to flip through the many lists I have. Instead I have to waste more time scrolling side to side instead of picking from a list now. I need to find a new now because this is no longer efficient.
N6#4840	6. Google Tasks- Get Things Do	5	2026-08-21	ne to focus on regardless of what order I entered them in. Also, I could print out the whole thing. Both of those are sadly lacking with this. I&#39;m surprised that no one else has requested both of those improvements. Come on Google, get with it!  Also, the three-bar icon to see the list of all tasks has gone away. This is what happens when you have a UX team who gets free pedicures but doesn&#39;t actually use the app in real life....
N6#6260	6. Google Tasks- Get Things Do	3	2020-06-17	Simplistic and that’s a good thing. || The app is very similar and to the point which is perfect for tasks. One thing that could be improved is the UI. The hamburger menu button should be accessible by a gesture swipe from the left side of the screen. Or remove the hamburger menu button completely and replace with a bottom UI bar that everyone is using now. It will be more accessible to all folks versus right hand or left hand dominant users.  The create task button is in a different place from other google apps as well which is a little confusing, but not a huge gripe.  The last issue I find is the inability to view multiple lists at once. I constantly have to click the menu button and swit
N7#6167	7. Google Keep - Notes and lis	3	2022-06-14	good but || 1) the Kazakh language&#39;s font (in google sans) looks awful 2) there is no swipe gestures in the app, only buttons... and it&#39;s not comfortable for one-handed use 3) hamburger menu is also uncomfortable thing
N8#8809	8. Google Calendar- Get Organi	3	2021-10-17	IPhone || So having come from a Samsung this was my calendar of choice and wanted to use it on the IPhone 13 Pro but some of the buttons don&#39;t function such as the option in the top right corner to change the view to select other months etc. Sometimes the 3 lines in the top left corner don&#39;t always work either. Other apps are alright some suffer similar issues therefore this must be an app issue with the screen.
N8#22673	8. Google Calendar- Get Organi	3	2026-02-07	Loss of toggle on mobile || How could yall remove the simple toggle of each calendar at the top level of the hamburger menu? Now I have to go in a desktop to show my calendars in the combination that I need to view them at that specific time? That removes 75% of the functionality that is important in any calendar application - especially for users on the go. I wouldn’t even call myself a power user, but I can’t imagine this additional “clicking” (lower level calendars, lack of functionality) is good for the power user either.  At least give us the toggle back on mobile. I have multiple accounts connected to one calendar so that my wife and I can maintain a schedule together and it permeates 
N8#23607	8. Google Calendar- Get Organi	1	2025-01-10	Google calendar Widget on iOS can't expand any more? || Google calendar Widget on iOS can&#39;t expand any more?  Used to be able to be full screen widget of schedule.  Now only 3 lines!!
N8#24838	8. Google Calendar- Get Organi	3	2021-11-14	ways used the Google Calendar app and it has been great, but lately, the app has been declining.   I prefer to look at my calendar in month view, but after clicking on any day, there is no convenient way to go back to month view. 😩 I have to click on the left hamburger icon and click month view.  Suggestion: the day that is tapped in month view, make it a pop up view instead of an all-screen view, so we can easily navigate back to month view with one tap or swipe.
N9#39716	9. Google Sheets - Collaborate	5	2019-10-11	 a bar manager and I use Google Sheets almost daily. I use it to do all of my liquor and beer orders (color coded, and some really nifty conditional formatting too). It makes all of my reps very happy with how organized it is! I also use it to do inventory on 3 bars and a huge storage area, profit margin sheets, employee phone lists etc... it’s incredibly useful to be able to pull up any information I need, immediately, on my phone.  I used to do everything on Excel; printing all the pages out, writing all the counts down, going back into Excel to enter all the counts... Sheets let’s me do everything on my phone or iPad and autosums as I go. Not only does Sheets keep me nice and organized, i
N9#42730	9. Google Sheets - Collaborate	4	2017-07-01	I love you, but... || Great app, but still has some issues playing nicely with iPad. I tried converting an Excel file so I can continue converting from Microsoft to Apple and Google, but the app persistently removed the top three lines of my Sheets document. I had to go online to the actual files to get the complete conversion.   I love the flexibility of being able to access all my Google files on my iPad, since I don&#39;t take my computer everywhere. For that matter, I can use my phone for the same purpose...when it works.
