A1#330	1. Habit Tracker - Goal Tracke	1	2024-12-29	Goal Value || There is a problem setting it up the Goal Value, need to fix and its very confusing, after confirming the desire time its not syncing, and Done many times.
A1#1746	1. Habit Tracker - Goal Tracke	3	2024-08-21	Not very intuitive || I bought this thinking it would help me stay on track.  It does the job, but I find that setting and clearing things (goals, HRV) is not intuitive.  And you don’t seem to be able to go back to record something from day before.  It would be much better if it was easier to use.
A1#2380	1. Habit Tracker - Goal Tracke	5	2021-11-03	Perfect || Works great, love that it even has a night owl feature for people like me who remember to do their habits at 3am. Allows you to choose colours w/colour pickers, icons/emojis. Also allows to rearrange order and archive habits but it&#39;s a bit hidden in the settings menu. Would be great to, as another user said, see habit progress by tags versus an overall %.
A1#46092	1. Habit Tracker - Goal Tracke	4	2021-02-17	Very good app || But my steps have stopped syncing and I can’t find anything in settings to reconnect or force a sync.  I don’t find the interface the most intuitive to use at times, but it’s lovely to look at once you’ve set it up and it’s really helped me build some new habits.
A1#49947	1. Habit Tracker - Goal Tracke	4	2022-11-05	Like it but not made for Eurpoeans || I would like to have monday at start of the week in the calendar as Sunday as start of week is very confusing for me. I found the setting for this but it has no effect.
A1#50835	1. Habit Tracker - Goal Tracke	4	2024-02-01	Good || The app is good, but there are some bugs. Notification settings are confusing; there&#39;s a general one and individual ones for each habit. Turning off the general setting doesn&#39;t stop habit notifications. Can you please sync with Apple Health for running activities? You have it for cycling, so maybe it&#39;s doable.
A1#52119	1. Habit Tracker - Goal Tracke	3	2024-08-02	Mixed || Settings don’t work : it makes no sense that the bar shows a 1 week streak when you skip a weekly habit. Disabling to show it on the habit bar doesn’t work if you reboot the app. Also the icon badges don’t work even if you toggle the option on.
A1#52884	1. Habit Tracker - Goal Tracke	2	2024-01-29	er of habits you have to purchase to add more. Once purchasing it then won’t show all of your habits on the home screen, therefore you cannot track them as you go. There is no correlated direct help center without having to share more private information. The settings aren’t intuitive and building them is quite tedious. I wouldn’t recommend.
A1#52966	1. Habit Tracker - Goal Tracke	1	2024-01-16	Confusing || Setting the frequency and tracking is confusing. Input them wrong and you won’t accurately track your habbit progress.  Randomly the app won’t let me create habits. You create it and it never shows up on your habbit page… I’m sorry; WHERE DID THEY GO???  why can’t I create habits??    Does this app even work??
A1#53360	1. Habit Tracker - Goal Tracke	5	2023-10-09	as revolutionized my approach to achieving my goals! This application is a game-changer for anyone looking to build lasting habits and stay motivated on their journey.  From the moment I started using Habit, I was blown away by its user-friendly interface and intuitive design. Setting up my goals was a breeze, and the customization options allowed me to tailor the experience to my specific needs.  One of the standout features is the robust tracking system. It provides detailed insights into my progress, allowing me to see how far I&#39;ve come and where I need to focus more. The reminders are a lifesaver, gently nudging me when life gets busy.
A10#9377	10. Finch - Self-Care Pet - Da	5	2026-07-23	Finch is great, but I would love a few tweaks || Finch is really effective in helping me with my mental health, and is also really cute, positive and fun. One thing to improve would be to put the activities tab back on the home page rather than in the menu, and to add more variety to the items free users can get, as they’re mostly the same ones every day. Also can you please do the mood check in on opening the app, as otherwise I forget to do it. Thank you Finch team!
A10#20221	10. Finch - Self-Care Pet - Da	2	2026-07-06	Not what it used to be. || I have used Finch for about 2 years. I used to love it but it seems the app has lost its soul. When I started mental health was front and center with a first aid section on the front page. It’s now buried in the menu. It has evolved to become more about the monthly events and collecting stuff than it is about mental health. The devs have stopped listening to their users and any attempt to contact them is met with silence or a copy and paste generic email. Sadly it seems they don’t actually care anymore. There are always glitches and bugs sometimes they are fixed but then new glitches pop up. They are more concerned with making new features than addressing the funct
A10#33762	10. Finch - Self-Care Pet - Da	5	2025-04-19	Help || This has been really helpful. I really enjoyed it and I think that it should be in the top 10 games because this is so helpful.
A10#43886	10. Finch - Self-Care Pet - Da	5	2024-03-27	Reflections should be on front page || Please suggest reflections on the front page again
A10#57641	10. Finch - Self-Care Pet - Da	4	2022-10-26	some thoughts and ideas || first of all, i really enjoy the app! it gets the dopamine up, and it helps motivate me towards self-care, even if it means i’m only doing it to help my little birb. however, i do have some ideas to make goal-setting more fluid and intuitive. keep in mind though that i do not have the premium version, and therefore don’t know what changes come with it. these will just be my thoughts and experiences.  i feel like the goals for different journeys should be separated. i like the separation of the goals and the reflections, but my problem is that i like to set goals for every part of my self-care, including washing my face, brushing my teeth, different exercises, etc. 
A13#12150	13. Productive - Habit Tracker	2	2021-05-09	not actually free || app seemed great and was very intuitive but as i was setting it up i realized they only let you have 5 habits for free and after that you have to pay a subscription fee which is plain ridiculous   if you wanna make a charged app that’s fine but don’t advertise it as free and waste my time
A13#13524	13. Productive - Habit Tracker	4	2020-01-09	Takes a little time to figure out but then it’s good || Configuring habits and setting up schedules isn’t the most intuitive but once you get it configured the ease in tracking etc is really good and easy to use.
A13#18587	13. Productive - Habit Tracker	3	2016-02-26	pre-existing examples.  However I really hate the UI. I am constantly tapping, pulling, and swiping until I get the action I want. It&#39;s just not intuitive. The swipe down to add is not intuitive. Tapping the day below, then tapping the habit to change its settings is not intuitive. I also think the 3D movements between menus is just weird. It takes me out of the experience of the app and makes me aware of it, which I think is a bad thing.  Small suggestion: differentiate the days at the bottom as &#34;Tu&#34; and &#34;Th&#34;, &#34;Sa&#34; and &#34;Su&#34; please.
A23#563	23. Streaks - The habit-formin	3	2023-06-23	ut functionality doesn’t cut it for me || The app looks great and I was happy to purchase app that doesn’t collect a bunch of unnecessary personal info, which most of the other similar apps do.   However, the functionality is a bit clumsy, to me. Controls and settings aren’t as intuitive as they could be and the timed activities don’t work like I thought they would. As such, the app doesn’t fit my use case and I won’t be using it.    The potential is there and it’s probably great in its current state for a lot of folks, but unfortunately, I’m not one of them.
A23#595	23. Streaks - The habit-formin	3	2022-01-21	did not give the app 5 stars is that I found it very confusing to operate. I’ve had the app for months now but did not use it until recently because I found the navigation really not intuitive. I only got a grasp on it after really playing around with all the settings but still find it confusing to operate.   As a Gen Z’er,  I can usually understand how to use an app the first time, but I just find the layout and animations to be rather confusing. Because it is a paid app, I expected more on this front and was as a result disappointed.   Again, still a fantastic idea and I’m looking forward to any improvements made by the developer.
A23#1978	23. Streaks - The habit-formin	3	2025-01-17	No idea what’s going on with settings anymore || App mostly functions but the settings now makes no sense at all. I don’t understand how to remove or add an archived task - apps just disappear when you click them? Very frustrating.
A23#2043	23. Streaks - The habit-formin	4	2022-10-30	Great app || Definitely recommend. It’s helped me so Koch already form simple habits. Such a simple yet effective app. But - setting it up is not totally intuitive that’s why it’s only 4*.
A23#2164	23. Streaks - The habit-formin	2	2019-02-27	Settings || The UI for the settings are not intuitive at all. When you are on the main streaks page, it matters what state each item is in (icon, calendar, stats) when you tap settings in bottom left. You should be able to access all settings by just pressing settings, not having to check which state the icon is in.
A23#2168	23. Streaks - The habit-formin	2	2019-01-31	automatic and had been for a few weeks but the problem still persists.  (It may not be a device time related problem - but that&#39;s the only link I&#39;ve noticed)  Otherwise - good app, good design, simple and easy to use. Although the UX for accessing the settings feels a bit confusing at times.
A23#5157	23. Streaks - The habit-formin	4	2019-11-18	Great Minimalist App with Many Features || The streaks app is the best way I’ve found to keep track of the few daily recurring todo’s I have. My only gripe is that sometimes, in its simplicity and reliance on graphics over text, the settings are a little bit less than intuitive.
A23#5325	23. Streaks - The habit-formin	2	2018-11-19	Not intuitive || Sure, setting up a task isn&#39;t the hardest thing in the world. But figuring out how to do edit each task is such a pain. I can&#39;t for the life of me figure out how to unmark an item as completed. (I would roll me eyes if I read this review, thinking it&#39;s from someone with no technical skills or patience; alas I am a normal, technologically-adept young adult, and that&#39;s why I find this app so frustrating.)
A23#6933	23. Streaks - The habit-formin	4	2015-11-07	Well integrated || Works well with other apps keeping me on track, and I expect even more of this as developers continue to improve this.  Toggle features, from how long the streak is to what my setting for that goal are very intuitive.  I have used the app for a couple weeks and can already recommend it.
A24#23286	24. Fabulous - Daily Habit Tra	5	2026-07-26	Awesome App! || This is the best app for tracking habits, setting goals and achieving them! It’s so simple and intuitive, not to mention fun!
A24#23307	24. Fabulous - Daily Habit Tra	1	2026-07-21	Chaotic and cluttered; cancelling is confusing on purpose; customer support non-existent || DO NOT PURCHASE. Bad app and cancelling is a maze. The entire app/platform presents as cluttered, chaotic, and what it was setting out for me to do was unclear. After being underwhelmed with the app and associated ones it continually encourages you to buy, I cancelled in the same way that I have for other subscription apps. Yet a few weeks later, I saw another big charge appear on my credit card statement from this organization. When I engaged customer service, their approach was a hard “too bad so sad.” Given what they are allegedly trying to accomplish with their service, that attitude and scheming 
A24#24005	24. Fabulous - Daily Habit Tra	1	2026-02-12	elled during the trial period and still got charged anyway. When I contacted support and shared proof that my subscription had ended, they still refused to issue a refund.  The app is also incredibly frustrating to navigate. Important account and subscription settings are scattered in random places, making basic things like managing or cancelling a subscription unnecessarily difficult.  The app itself was helpful while I used it, but the billing and subscription experience feels misleading. I wouldn’t recommend unless you’re okay risking being charged after cancelling.
A24#24079	24. Fabulous - Daily Habit Tra	1	2026-01-30	Overbilled || Agree with other users- the subscription setting are intentionally confusing and customer service responsive bit not helpful.
A24#24189	24. Fabulous - Daily Habit Tra	1	2026-01-19	I have ADHD) to trying again and it has been a terrible time.  I’ve been charged $280 at this point when I never agreed to- the subscription listed on my App Store subscription manager just said $19.99/year and I’m being charged $39.99 every 3 months. The app settings are so confusing, as was the sign up and “free” trial process   I filed a dispute with my bank and they were only able to dispute the 2 most recent transactions. I filed a complaint with the FTC as well.
A24#25187	24. Fabulous - Daily Habit Tra	1	2025-09-09	UI Overwhelming & Confusing || The concept is good. I did need to start out slow and so teaching me to prep to drink water was a good lesson in setting myself up for success. BUT the UI is so confusing. There is so much on the screens and so many options  felt overwhelmed and would just leave the app as soon as I could. You also need to set up time for yourself to use the app and read the letters. I think you should be warned in advance so you build the time into your schedule. I felt too overstimulated every time I opened the app and had to cancel my trial. Now I’m worried it’s not actually cancelled after reading so many reviews on the bad canceling experience. It also does upsell like cra
A24#28238	24. Fabulous - Daily Habit Tra	1	2024-01-11	 App Store rules that payment processing for app subscriptions has to go through the App Store platform) To even view the app after download, you have to give your payment information. There isn’t a reminder or prompt that you’re about to get charged and it’s hidden deep in settings but only in the app. I’d like someone to contact me about a refund. Thank you!
A24#31375	24. Fabulous - Daily Habit Tra	5	2022-04-15	It works || This app is one of the best apps of my life.it really does help build habits that are good,this should be on the top charts
A24#35067	24. Fabulous - Daily Habit Tra	1	2021-06-21	questions about myself it prompted me to download the app. Once I downloaded the app it took me through the same process which I thought was odd. After a few days I was very overwhelmed by the app. I struggle with clutter and I felt like the app was just very cluttered. I immediately went to my settings and canceled the subscription so that I would not be charged for the year. On Sunday June 13 I get an email from PayPal stating fabulous has charged me 39.99 I panicked and was so confused because I knew I canceled it. I went to my app and I could not cancel it because I had already canceled. I started to try to find the fabulous customer service number only to be led down a rabbit hole of au
A24#42022	24. Fabulous - Daily Habit Tra	1	2019-04-05	possible to unsubscribe || The design of this app is lovely, and it claims to be based off of the research of a leading behavioral economics think tank but don’t let that fool you, the only thing sophisticated about this app is difficult it is to unsubscribe. Unable to find a prompt to do this in the profile or settings or in the app’s help section, I sent a message 4 days into my trial week period and received an automated « we’ll get back ». Yesterday I was charged for this useless app. If you’re like me, you eat well, sleep well, take vitamins, work out...this app will do nothing for you. It takes 3 days alone to « help » you build the habit of drinking water in the morning, which is no h
A25#1035	25. Grit - Daily Habit Tracker	5	2025-12-04	Great app || Have tried other habit apps before and this one is really great. Love the fact that the Siri Shortcuts are easy to set up. Setting up the goals was a little confusing at first but I got the wording of it after some trial and error. Would recommend to others.
A31#717	31. Do Habits - Get It Done - 	2	2020-03-21	Free is useless, paid is too expensive to try || Only 3 habits allowed in free version. Too many weird, confusing options for setting up the habit, by not do a simplified version instead of a complex small one? It’s not worth even the free trial because nobody wants to get super complex about only 3 habits when they have to track all the others on paper just to try this out.
A31#1443	31. Do Habits - Get It Done - 	1	2022-01-16	Too complex || So confusing and Too many different settings. Took me half an hour to figure out how to set a task just for one day to complete once e.g. do homework. Still haven’t figured out how to count this only once!!!!
A31#1602	31. Do Habits - Get It Done - 	2	2021-03-16	Looks great, settings make no sense || Good idea in principal and it’s really nicely designed, but trying to set goals is a nightmare. The options for reminders and how many times you want to do it each day/week/month just aren’t clear at all. I quit and deleted out of frustration.
A31#2514	31. Do Habits - Get It Done - 	5	2025-06-03	 app that actually impresses me, but Do managed to immediately and is one of the first apps I install on any new phone or tablet. The user interface is simple yet comprehensive, with a variety of options that can be further adjusted by going into the advanced settings below the basic settings. Not overwhelming despite the variety of customization options offered, easy to use, aesthetically-pleasing… you can add forgotten or late activities to previous dates and times with ease. I can legitimately not think of a single flaw with this app. I have autism and ADHD-  my schedules, habits, and medications are all absolutely essential to my mental well-being, the Premium option was a great upgrade 
A31#3191	31. Do Habits - Get It Done - 	5	2023-02-11	h just enough of the right features to be very useful, but without extraneous features that add distracting complexity to the experience. The new version of this app has accomplished the remarkable with an updated interface that makes it even simpler and more intuitive, while also updating the settings screens to expose more of the app’s underlying power. As a long-time user, I’m really happy to see how the app’s new owners are choosing to evolve the product.
A31#3273	31. Do Habits - Get It Done - 	3	2023-01-29	Done was a 5 before update || Loved this app before the recent update.  Now the streak count is gone from main list.  That was a huge motivating factor.  Can’t find anything in settings to switch it back on.  My week setting is to start on Monday, but on Sunday it cleared and reset the week.  Also dislike that I can’t flip through the days and have to go to the calendar.  Very disappointing.
A31#4869	31. Do Habits - Get It Done - 	4	2019-04-19	Pretty good || I really like this. It’s easy to use and I think it is helping me. I like the different options in the settings  The quit a bad habit option was really confusing. I decided to just count my quits as build habits because the point system really confused me.  I think it would be nice to be able to sort by category sometimes.
A4#4527	4. Me+ Lifestyle Routine - Dai	4	2025-11-24	stion for intro page || First of all I love the app, I think it’s cute and very intricately crafted.  But what keeps me from opening it up quickly is the intro in the beginning. It really slows me down when I want to track an habit I’ve done. It’s cute, but I couldn’t find a toggle to turn it off in the settings.   (The intro with the photo and rating of emotions)
A4#9822	4. Me+ Lifestyle Routine - Dai	3	2023-11-26	Overwhelming || It’s okay, but setting up this thing is overwhelming, even introduction is too long, not telling about putting on your stuff. Too complicated, could be set simpler
A4#14118	4. Me+ Lifestyle Routine - Dai	4	2024-07-23	My opinions about the app :) || This app helps me a lot at first when ur setting up everything it’s confusing then after awhile it’s easy but this app is great if u get stressed and get distracted a lot I personally like it and I think if your looking for a Daily planner you should download this one. :)
A43#135	43. Habit Hub - Routine Tracke	2	2024-08-31	Interface is not good || There are tabs at the bottom that are not useful and still we cannot remove them. For e.g feedback. You could have just provided it under setting and not have a tab for it. This looks messy
A43#636	43. Habit Hub - Routine Tracke	5	2019-08-17	Awesome app! || At first I was skeptical, but now I love it. I downloaded a handful of these habit apps to try side by side. The first day I found the habit settings page to be a little fidgety and slightly overwhelming in comparison to some of the others’ more simple design, but soon found that the others felt way too dumbed down in functionality compared to HabitHub. I’m very glad I decided to stick around past first impressions.
A48#910	48. Strides - Habit Tracker + 	3	2026-01-06	 recommendation from 6 minute diary. Ive paid for the year.   But I simply just want to log my 2 litre water intake. I dont want to sync it with my watch, i dont want to log how many times a day. I just want to log in ml how much I’ve drunk. But it’s just not logical to setup that way. When setting up a manual goal it just asks for times per day doesnt give you the option for volume of water consumed. If you use the existing template it wants to use my watch data which I dont use to track.   The rest of my habits were straight forward
A48#3331	48. Strides - Habit Tracker + 	4	2017-10-26	Great App, does what it says || I’ve been using this app for a few months and do like it. It holds you accountable for the goals you’ve entered. It was a slight bit confusing when I was setting them up. I haven’t attempted to see if there is some sort of option to view the goals or targets I’ve setup for myself being reached on a monthly status...I will give that a shot. **when I say accountable, it’s only as good as what you put into it, the reminders are helpful** Overall good app, 5 stars if it was a bit more intuitive when setting up goals
A49#33	49. Life Reset - 66 Day Habit 	2	2025-08-04	Clunky design || Good idea for a motivation/accountability app, but it could be so much more fleshed out. Daily rituals are the exact same. Bad ui, not very intuitive or seamless. Setting the goals are bit strange and how are you suppose to track it really. Its just a guessing how much social media you&#39;re using for example. Doesn&#39;t make you very accountable and the ad that makes it seem like video game style is bait and doesn&#39;t feel like you are a video game character levelling up much at all. Just the same washed up designs for each growth category.
A54#188	54. Avocation - Habit Tracker 	5	2025-02-25	e’s a list of things I’m looking for in a habit tracker app that this app needs improvement on:  1. Dark mode 2. iPad compatibility (I want the aspect ratio to be iPad sized not iPhone sized) … maybe Mac too hahaha? 🙏 3. Sync to other devices (or maybe I just can’t find this feature in the settings?) 4. Option to write descriptions on  each habit (sometimes, I forget details) 5. WIDGETS!!! (It would add some motivation to the user if streaks can easily be seen on their home screen. Makes the app easily accessible too)   That’s all. ✨
A65#66	65. Rabit - Daily Routine Plan	4	2024-02-22	Great but I can’t set up the reminders || It’s my second day using it and I’m in love the app. It’s easy and intuitive to use the app. But setting up the reminders/alarm is difficult. All the reminders I created are not ringing/appearing on my IPad screen. I don’t know if it is a bug problem or it’s me. Can you help me?
A67#326	67. Habio - Daily Habit Tracke	1	2024-05-02	Stay away: useless app & bad service! || The app supposed to help people by setting habits but the UI is not intuitive and there are many steps to take to get into the program, which is boring and loses the user. It should be more much more intuitive, like a game, easy to use.  I provided the feedback to their support team but they are not receptive at all (barely understand when exchanging about their own app), and are extremely slow.
A67#1960	67. Habio - Daily Habit Tracke	5	2023-01-16	Refreshing || It’s rare to feel the kind of support and understanding I feel from this app. The platform is simple, the language is familiar and relatable and the goal setting is not overwhelming in the slightest (adhd problems haha) I recommend this app to anyone first starting to change their lifestyle!
A7#619	7. Habit Tracker - HabitKit - 	5	2022-12-11	Simple and effective || No fluff and straight to the point, with a sleek and intuitive UI. Setting up a new habit takes a minute, tracking a habit takes a second.  For habit tracking, this is all you need in a very neat little package.
A7#787	7. Habit Tracker - HabitKit - 	4	2025-01-21	Great habit app after getting past initial confusion. || Setting up a habit is confusing &amp; unintuitive. This app looks very cool, but should be easier and more clear for new users to set up. Some sort of onboarding or tutorial would be helpful, perhaps even a throwaway habit should be pre-populated so it’s easier to see how to set one up.  Update: After the initial confusion, I’ve concluded that I really like this app. I’ve even paid for a year subscription. I’ve increased my rating from 3 to 4 stars.
A77#27	77. Habit Tracker - Streak-Fre	5	2025-10-04	Amazing App! || It makes setting new habits not overwhelming at all
P10#5016	10. Habit Tracker - Habit Diar	5	2026-07-28	 || I've been using it for only a day but I really like the UX / UI Finally the font is large and the task cards are large. It doesn't feel like an annoying checklist, but like a mobile drawing board organized in cards colors and icons. I love it. it's pretty intuitive to find the repetition setting, how often per day or per week etc. I have nothing to suggest I just like it a lot.
P106#387	106. Habit Tracker n Pets - Ha	3	2021-11-26	 || UI is extremely confusing and some habits are missing settings available compared to creating a Habit from scratch. Daily counter I just don't understand this option and how it works. Also the constant fomo fake timer trying to get you to buy it is really bad.
P106#517	106. Habit Tracker n Pets - Ha	4	2021-04-09	 || looks very powerful habit tracker & I love it but the menu & design have so much unnecessary details, making it hard to use. some options should be moved to the settings! &... what's the point of mentioning the app name on top of the first page! there should be an option to choose start day of the week + archiving completed habits & journals with a beautiful achievement & journal review. app needs a redesign. the price is very high too, better if it had an one time purchase option.
P11#3574	11. Dear Me - Daily Routine Tr	1	2025-07-31	app is really well designed but really badly made. I guess I fell for the design and marketing but now I regret paying for this app. The app is really slow - doesn't open after a week of using. The premium features are not worth it - very limited features and setting up a custom routine is not intuitive. You are forced to pick from the pre-defined routines and settings. Adding multiple routines make the app slower. The overall experience of using the app is janky and not worth the price.
P111#3173	111. My Study Life - School Pl	5	2019-09-17	 || Sync with everything. I love it. Just wish notifications were loud or maybe I can't find it in settings.
P111#3363	111. My Study Life - School Pl	4	2019-05-07	 || The settings are a bit of a mess. Except for that, it's a great app
P111#7464	111. My Study Life - School Pl	4	2016-09-15	 || This is an awesome app, and I anticipate that it will be very useful. It's great that it syncs with my computer. Setting up the days in a week schedule was confusing, maybe add a day of week letter to the thing so that the process can be made clearer and easier.
P12#10758	12. Fabulous Daily Routine Pla	2	2025-09-15	 || it looked promising, but I couldn't get past setting my routine just because of how overwhelming I find the app to be. I think the interface is not intuitive enough, and has unnecessary tabs to divide the content that only makes it like a labyrinth trying to find what I need if I'm not used to it
P12#17469	12. Fabulous Daily Routine Pla	4	2023-09-04	 || Price for prime is good. I love the aesthetics on this app and the tools to self improvement. The thing I dont like and don't fund useful at all is the section Your Routines on the main menu cause I find it confusing and you can't really plan your day on that. You better just write down the tasks you hv in mind for that day. Overall it's a great app and I wanna keep using it every day 🙂
P12#21065	12. Fabulous Daily Routine Pla	5	2022-12-07	 || beautiful app, it has really helped me with setting and keeping healthy habits, it was a little overwhelming at first glance but now I can't live without it!
P12#23904	12. Fabulous Daily Routine Pla	5	2022-06-29	 || This has been a great way to treat myself, help manage my anxiety and goals in manageable, realistic steps. I'm looking forward to trying out all the different journeys. The account info was a bit confusing at first when setting up my plan, but I did eventually figure it out and I am happily an annual premium member.
P12#26927	12. Fabulous Daily Routine Pla	1	2022-02-18	 || The pop ups popping while I'm in the middle of setting up something are confusing. One thing at a time please. The questions and answers are sometimes unclear. For example, when picking interests, are they current existing ones or ones you aspire to build? Last and most important, I can't find a way to sub through google pay. It's the only method I prefer
P12#28100	12. Fabulous Daily Routine Pla	5	2022-01-13	 || It is really easy to follow, colorful in the best ways, and very user friendly. Nothing about it is startlying or harsh, and the app makes setting goals and changing habits enjoyableand not overwhelming.
P12#51613	12. Fabulous Daily Routine Pla	1	2020-06-16	 || This app is a mess to use. Not intuitive. Steps for setting new habits start very slow then suddenly jump. It could have even been made just for developers to make a quick buck. Well, you got mine. I lost. Congrats.
P12#55311	12. Fabulous Daily Routine Pla	4	2020-02-09	 || I really like the app. Helps you understand the mechanic behind forming habits by taking baby steps. Con: the free trail is always on the top Your daily routines should be on the top but instead you've to scroll down Also, if you don't get to the tasks in the morning, there is no setting to add another reminder for a later time
P12#63484	12. Fabulous Daily Routine Pla	2	2019-06-30	 || After a year i find this app to be difficult to change settings, confusing btw programs: discovery, sphere, etc. Not worth the money. I lost interest over time. Do not autorenew as you are charged without notice for annual fee and can't cancel it. monthly charge would be better. my review from 2018: Good motivator, great reminders and you can scale this to whatever your needs are. I feel like I will use this app for longer than most!
P122#849	122. Hevy - Gym Log Workout Tr	1	2025-10-27	 || All your data is public, including picture, training times, all training details, even heart rate, etc. It's hidden in the settings to change the profile to private. I think it should be private by default. The moment my profile is private by default, I'll change this review as the app itself is 5 stars.
P122#6103	122. Hevy - Gym Log Workout Tr	5	2026-02-01	 || Best app for gym tracking. I think discover tab should be in the menu bar so we can easily use it
P122#14800	122. Hevy - Gym Log Workout Tr	5	2024-03-16	u cannot set the audio parameters globally in the app settings section, which is odd: you have to start a routine, and then find a hidden audio parameter, with a very limited choice of sounds notifications. When not on the app, the android sound notifications settings are applied. Confusing. Excellent otherwise.
P126#30548	126. To Do List	5	2023-04-09	 || I've just downloaded it but for what I have seen so far is very good. Very clear and intuitive setting sequence. Many resources at disposal. All in a user-friendly platform.
P126#36529	126. To Do List	5	2022-05-14	 || It's a straight forward app, it's simple to use. It has many features but not so many that you get lost in the settings menu. What I like is it doesn't try to "project manage" your day.
P2#2185	2. HabitNow Daily Routine Plan	3	2025-11-12	 || I paid for the premium version, because it is not a subscription, and because they did not aggressively or obtrusively advertise in the free version. The actual setting of goals can be confusing though. like I want to exercise at least once a week, but there's no straightforward way to do that without it trying to track every single day. it only has an option for once a day, and not for once a week
P2#2673	2. HabitNow Daily Routine Plan	5	2025-07-07	 || Elegant and concise. Still setting things up, intuitive
P2#8489	2. HabitNow Daily Routine Plan	5	2023-01-11	bout a month now, and super happy I found this app. Simple, thorough, customisable, and all-around nails the things I was looking for. With ADHD, I don't form habits naturally and have to use reminders for everything. This appis very well organised, extremely intuitive for me. Definitely recommend setting up the widget, makes remembering much easier whenever I open my phone. And massive bonus points for not bombarding the user with ads for premium!
P2#8800	2. HabitNow Daily Routine Plan	4	2022-12-04	 || Overall the app has helped me stay on track and remember what I need to get done. The settings for the repeat habits is confusing, I gave up on it, and now enter as separate tasks. I will eventually figure it out, I just have to take the time to go through it slower. The month view - are we supposed to see any indication of a task on a given day? My task days are blank. A suggestion for future updates: • Built in notepad to make lists or to jot notes down (I don't remember anything 😄)
P2#11332	2. HabitNow Daily Routine Plan	4	2021-08-19	en I clicked on the notification it took me here and my review was gone... But what I said was that I'm liking it so far, one of the best user interfaces compared to other habit apps, just took me a while to figure out that the features I was looking for were hidden in settings
P22#435	22. Disciplined - Habit Tracke	3	2025-06-05	 || The repeatability settings are a bit confusing, especially when setting up habits you want to quit and are tracking on a monthly basis. The tracking doesn't always work intuitively the way I intended. Also lack of a list showing me date and time of when I did a task.
P24#8368	24. Habit Tracker	5	2018-07-23	 || The app is very intuitive, but supports a bunch of settings for habits  including on/off days, number of reps per period, etc.
P3#4078	3. Loop Habit Tracker	5	2024-05-13	 || 10 stars if I could! This is so simple, which why I like it better than others. You can set it to remind you, and you can put your own words in the reminder. Too much to describe here. Look at settings, especially if the order of days is confusing. I set mine to do reverse order so that the current day is on the far right.
P38#991	38. Roubit -Daily Life Routine	4	2023-12-24	 || very good, please add an option in settings to change date formate pls, it getting a lil confusing sometimes.
P4#3964	4. Me+ Lifestyle Routine	2	2026-03-18	zy. I stopped using this because it spams notifications, sometimes between 3 and 5 AT THE SAME TIME. I don't want to silence them all, I just want more control over what reminders I get and when. There is also no straightforward way to change all notification settings as they are spread all over the place and it's not clear which setting controls a notification. When I thought I got them all, I still got three notifications in a row.
P4#11918	4. Me+ Lifestyle Routine	3	2025-01-26	for tasks, but with therapy in it. Feature requests: 1. Some tasks I do must be repeated multiple times per day. I cannot edit this occurance into the task, nor can I duplicate the task. Please make it possible! 2. I cannot cancel the haptic feedback from the settings, and it is overwhelming. 3. The first time use is overwhelming due to too many questions and ads demanding payment. Let me find my way around in peace, without pressure of leaving ratings and paying
P49#448	49. RoutineFlow - Routine for 	1	2025-08-13	 || price should be on front page not at the end. it's not helping sell this app by putting price at the end. just makes people mad that it sounds great but at the end is big disappointment
P49#3317	49. RoutineFlow - Routine for 	4	2023-04-05	 || The developer replied and the issue was needing to press the 'sync alarms' button. It seems to have worked, but it feels like a clunky, not intuitive way of setting and unsetting alarms. It would also be great if we could reorder the routines. ---------------------- Original Review: Despite having paid for the premium and quite liking it otherwise, I'm going to have to delete this app as a rogue alarm keeps going off every morning even though I've disabled it. I can't see a way to stop it!
P5#479	5. Routine Planner, Habit Trac	5	2026-04-26	 || i like the idea and i found it very helpful but ive had the app for very long time using it occasionally and especially recently it got really laggy and still has many bugs... also the settings are quite confusing. edit : the ui got much better over the past months and many bugs are getting fixed, 5 stars:) the only thing i would really appreciate is a music-app-like media player so i could check the running routine on the lock screen, my screentime is so high and its mostly this app haha
P63#248	63. Habit Hunter - Gamified Ro	3	2025-08-28	 || how do I delete habits? I can't find it in settings. I have too many more than 15
P63#545	63. Habit Hunter - Gamified Ro	4	2024-02-26	 || Pretty good incentive. It's not my style of art design. A lot of the selections or buttons could be more intuitive. The alarm setting often sets a different time to what i input on the first attempt. But overall, it's had me wanting to track more, so that's good.
P65#1846	65. Goal & Habit Tracker Calen	2	2026-08-16	 || This app could be better. it is kind of inflexible and confusing to use. There is a setting "hide completed goals", but nothing gets hidden when I check off that I have accomplished it that day. the other issue is that when I have a goal set to repeat every 5 days or so, it doesn't update the 5 days from when I complete the task, it keeps it on the same rotation. so if I am four days late to do something, it will want me to do it again the very next day - not 5 days later.
P65#6640	65. Goal & Habit Tracker Calen	4	2019-04-24	 || Perfect visual progress tracker. I love this app for any habit or goal I am working toward daily. It's very simple to use, but I gave 4 stars because setting up and editing goals is not as intuitive as it could be.
P8#383	8. Habitica - Gamify Your Task	5	2023-09-16	 || I didn't even expect a response and you answered so quickly, thank you so much! Also thanks for telling me where the damage pause thing is now, I really couldn't find it before and i even looked 2 times in settings...guess i have bad eyesight but yes anyway, it is also working again (for me at least) so I'm very happy Please keep up the good work and thanxx
P8#9660	8. Habitica - Gamify Your Task	1	2016-05-15	 || Class selection is in settings, not a logical location for it. Picking a class will remove all your equipment for no apparent reason. You cannot re-equip the equipment for no apparent reason. If you're on low-end mobile you can't even look up the reason because all the help pages are on Wikia (unbelievable that they still don't support mobile, more unbelievable that Habitica relys on it). Tried asking for support in Tavern, mods sooner censor other users before they help any. Tavern is EXTREMELY laggy.
P84#7617	84. Tasks - To Do List & Remin	5	2026-02-06	 || Easy to add items, easy to change settings, intuitive to make sub lists, good for groceries or tasks, separate for different location needs.
P84#8701	84. Tasks - To Do List & Remin	4	2025-07-07	 || ETA: has bugs occasionally but it seems sorted again. Loving this app! It's changed my relationship with To-Do list from panic and paralysis to setting manageable daily tasks while hiding the overwhelming list of other things that need to be done, but aren't a top priority for today. Highly recommend.
P84#9473	84. Tasks - To Do List & Remin	5	2025-02-17	 || Update after 5 years: Still the best Task app out there. Endless ability to modify it to your specs. So many handy settings to make it easier to adjust to what you want. Intuitive, clean, clear, and very solid, never buggy! Incredibly cheap to get premium, and Steve is always developing something new and helpful. I have yet to find something critical that needs changing. I do wish there was a way to see the calendar on the widget, but this isn't any kind of issue. Totally worth it!
P84#11365	84. Tasks - To Do List & Remin	5	2024-03-30	 || Easily accessible, all tools and settings are intuitive. Makes my life easier through organization.
P84#11617	84. Tasks - To Do List & Remin	5	2024-02-20	 || I have to say I'm very impressed by your app. Extremely clean and easy to use. Great settings, too. Really lots of options without being cluttered. Love the widgets. As a former UX engineer I can only congratulate you! Your app just replaced half of what we (mis)used Trello for and makes our lives easier.
P84#15258	84. Tasks - To Do List & Remin	5	2022-09-05	 || Amazing! Try this app. No ads, good widgets, extremely easy to keep on task with these lists and sublists. I'd say that its not very intuitive sometimes(list settings is split into 3 places, setting recurring items, its way too easy to accidentally swipe delete an item) but its literally been a lifesaver. I can't recommend this enough, especially to my ADHD folks. It's easy to organize by tags, colors, and send finished tasks elsewhere, or even one of the best features; sublists! Wonderful :)
P84#18803	84. Tasks - To Do List & Remin	5	2020-11-22	 || Easy to use,easy to understand setting. I have tried other apps but this one really easy to navigate
P84#22239	84. Tasks - To Do List & Remin	4	2020-03-07	 || Bullet should be in front of the first line of the paragraph, not in front of the middle of the paragraph
P84#23559	84. Tasks - To Do List & Remin	5	2020-01-03	 || I loved it. Very good app. Can u bring sorting features based on tasks completion. Upcoming tasks should be on top and completed task should go below if I'm not interested to hide completed task.
P84#26927	84. Tasks - To Do List & Remin	5	2019-07-11	 || I had a tendency to procrastinate.. It is usually because I was not breaking the task down. I have used so many apps that have been over complicated for me and I don't have the time to try to figure out an app! Tasks is extremely intuitive. And yet it has all the settings and more. I also want to say thank you to the creator of this app because you're basically saving my life! Download this and donate if it helps you as much as it helped me.
P84#30382	84. Tasks - To Do List & Remin	4	2019-01-19	 || decent...definately useful enough.. would like to see more intuitive settings
P84#30393	84. Tasks - To Do List & Remin	5	2019-01-18	 || Great app. Just... great. Creating lists and sublist, setting reminders, check what has been done, intuitive interface, non-intrusive, extensive settings... And that dark theme? - nice touch. Excellent work.
P9#16	9. Habit Tracker - HabitKit	3	2024-04-19	 || My mobile language is arabic but I need to use the app on English. How can I do that? Been trying but I can't find the option in the settings
P9#344	9. Habit Tracker - HabitKit	5	2025-12-19	 loved how clean it is, the customizations, the interface, the 1 big button for completion, and so within minutes I knew I wanted to support this app and bought a lifetime subscription! It's been awesome to help me meditate everyday. There are lots of helpful settings but it's not overwhelming. Great work!
P97#3716	97. To-do list - tasks planner	5	2022-12-22	 || Finally a Todo list that looks nice, handles both tasks and habits smoothly, and is easy to read ahead on coming tasks. Edit: Thanks to the devs for solving my problem with deleting an unwanted category. It isn't a very intuitive system as it feels like the settings option Categories is where this would be done, but that it's doable is good enough for me. Definitely earned its 5 star rating. ⭐⭐⭐⭐⭐
N1#8840	1. Reminders - Don’t forget. U	2	2025-09-07	 of button presses than it should require. Actions that are logically go one after another have their buttons placed all over the screen, making the whole experience a game of guess “where the next one could be”. Selection and mass actions on reminders is non intuitive. Setting due date and time requires literally x2 button presses than in could. All the useless options are swarming menus making it harder to find a couple of actually useful options. Even touchscreen support and visual dragging and dropping works just bad. If I could configure Siri to write reminders in any other reminder apps, I would totally do so, despite me being in love with the concept of Default apps. Incredibly sad, e
N1#19021	1. Reminders - Don’t forget. U	4	2025-09-26	Pretty helpful “priority” feature confusing || Reminders is a very good app for anyone who loses track of time easily with things to do throughout the day only bad thing is the “ priority” bit of setting a reminder is somewhat confusing.
N1#21357	1. Reminders - Don’t forget. U	2	2024-09-30	Over complicated || The experience of setting up recurring reminders is such a pain and so confusing. I don’t know how they can make something so simple, so complicated.
N10#9636	10. Microsoft To Do - Capture 	1	2019-06-19	Terrible experience || When Microsoft buys Wunderlist and creates ToDo, we know we’re heading straight to disaster. Todo simply doesn’t work as it should: no reminders while they’re activated in the app and iOS settings, not to mention the weird and counter intuitive UX (try deleting a task).
N10#13637	10. Microsoft To Do - Capture 	1	2020-11-26	ay, even if it’s set as a daily reminder, it will no longer remind you about that item. As you check off tasks, tasks get moved into the completed section while recurring reminders fill in the list again, making accidentally a very common issue. In fact, even setting up a reminder is far too confusing. The companion app on Windows is also terrible, as items often fall out of sync as you have to wait a good 5 minutes for either device to realise a task has been checked off or added. Not recommended at all.
N2#1935	2. Calendar	2	2023-05-11	It is what it is. || I’m this day and age I expect more from a calendar app. Seems like I miss a lot of notifications, and I don’t think it’s just the settings on my phone. Plus it could be organized more logically. Anyways, whatever.
N3#3070	3. Notes - Take note of almost	1	2021-11-26	Where’s the format menu??? || Looked it up and remember saw a format tab above keyboard but it’s gone and can’t find anything useful in settings. Now can’t edit anything, worst part is, it doesn’t paste content as plain text but used the source format so my effing notes looks like a freaking scrapbook full of random highlights and fonts. You made it too complicated and now it’s full of bugs!
N3#26328	3. Notes - Take note of almost	5	2023-10-10	iate this iPte-Installed App on my iPhone for FREE.  All (3) of my personally owned retail-businesses are stored all within this one App.   In the “settings feature” built into the app offers just the right amount of features, in order to create your personal settings.    This App is very easy to navigate.  It is straightforward, but the App can also be used by more techies who have much technological knowledge.     So, this App is definitely versatile based on a user’s experience and/or expertise.    This pre-installed app is quite versatile in it’s functions.  By creating Folders for notes relative to the material stored in each folder I can conveniently search for specific notes to either
N4#3547	4. Apple Health	1	2026-02-23	Utterly Useless UI || For instance, where do I go to change my weight? It should be intuitive, I can’t find it. A search in settings yields nothing. As soon as I can I’ll leave this totally useless iOS behind .
N4#3765	4. Apple Health	2	2024-01-18	Be Better but Needs Development || Great that how many things are detected, measured, recorded through this app but… That’s really bad how the data, information is organised in this app. I love my iPhone as it’s very userfriendly, easy to find things on, easy settings, logical in every sense, but nothing like this can be told about this app. This needs to be more, logically organized, let people to arrange favourites on screen how they want to see them, let those calories active &amp; resting counted in one, let user overwrite or delete data of exercise recorded, let exercise to be auto-recorded (don’t ask every time about start, break or stop)… Just explore Garmin, Fitbit apps and don’t be 
N4#9842	4. Apple Health	1	2022-10-19	know plenty of people who need a blaring alarm, and sadly I’m one of them. Apple has failed us, by failing to wake me when I need to. It’s sad that the clock app needs the health app for alarms. Now it has become a worthless app by itself. Also the process of setting the alarm is not intuitive. It should go back to the way it was before. One screen to rule them all. One screen for all the alarms of the week.
N5#12898	5. Apple Fitness - Fitness and	1	2025-05-11	Settings navigation not intuitive || Frustrating trying to change settings midworkout
N5#14956	5. Apple Fitness - Fitness and	1	2023-09-04	Needs upgrades NOW! || You can’t set step goals or make it the main feature you focus on, which is a serious problem. Setting calorie burning goals makes no sense because this thing is so incredibly inaccurate in the way it calculates it. You can’t change the activity rings. The “standing” activity ring is the most useless goal to have a main ring instead of actual steps! For just basic common sense features and reasons, this app is trash and makes having the Apple Watch less useful than a fit bit for tracking activity. Very big disappointment and apple really should take the hint in some of these reviews.
N7#3583	7. Google Keep - Notes and lis	5	2019-05-19	Missing font setting || Great application, easy to use with intuitive user interaction, but missing font setting features to help older users with both nearsighted and farsighted eyes, hard to read default font size without glasses.
N7#3915	7. Google Keep - Notes and lis	3	2024-07-07	Sort incorrectly || Updated note should be on top.
N8#3567	8. Google Calendar- Get Organi	2	2017-12-27	Deleted app within five minutes || It imported a ton of “events” from my gmail’s spam folder and I can’t rid myself of them even after turning the import setting off. What a mess.
N8#10900	8. Google Calendar- Get Organi	3	2018-11-14	Setting up a Routine Schedule is Messy || When I set weekly events it assumes on which days I’ll do them without asking me on which days.
N8#25624	8. Google Calendar- Get Organi	3	2020-05-24	countered some problems though that are a bit frustrating.  1. Whenever I move an event from one day to the next by dragging and reopen the app afterwords, the event goes back to its original time and day  2. It would be great to see a more comfortable UI for setting reoccurring events and times— there are too many things to click on and select that it becomes more of a hassle than anything else
N8#27930	8. Google Calendar- Get Organi	3	2018-06-13	Calendar Issues || Repeating events, dates on different days after setting the actual date and time, very upsetting, confusing and waste of time checking &amp; trying to remember whether it’s past or future appointments! Frustrated!!!!  Another thing is you aren’t able to go back to add an event,  a goal, a reminder of something you would like to remember or mark when you started your goal !!! HELP!!!!!’ Thank you
N8#27942	8. Google Calendar- Get Organi	1	2018-06-09	FULL SCREEN, PLEASE! || The silly drawings at the heading take up way too much space. I like to see more calendar. It is also not professional looking. There is no intuitive way to change this in the settings. Thus the app is useless for me.
N8#31333	8. Google Calendar- Get Organi	1	2017-05-30	Please add what the date is and scroll options || The fact that it has a default setting of &#34;31&#34; makes no sense and is so frustrating. I&#39;m deleting and going back to my old calendar.   Also, having the calendar scroll left to right is confusing when you&#39;re looking at the end of one month and the beginning of another. Please make the option to scroll up and down.   Make these corrections and I&#39;ll come back.   Thanks!
