A1#692	5	Effective & Simple || It’s a great app to track daily, weekly, monthly habits. Customisable on the free version, allow to choose icons, emojis, colours. There are some suggested habits as a part of improvement areas. It has individual characters and graphics. As well as a general performance. Great and recommended!
A1#1553	5	t habit app I’ve seen so far! || The app has great appearance, it’s intuitive and easy to use, it allows you to track your progress, which is unbelievable that some other apps won’t, and it has many features like notes, habit suggestions, colors, icons and so much more. It helps a lot. Five stars.
A1#1700	5	Great app || This app helped me to keep a track of my habits and goals. I love how it already has some good habit templates to choose from such as yoga, drinking water, meditation, etc.
A1#2427	5	gn is clean and clear. I love the widget; it’s on my home page and lets me see things clearly. I have two issues. 1. When I click on “yearly,” the app crashes. 2. I was a bit confused on why I couldn’t change one of the suggested habits, until I realized it’s because they are all preset. It was a little frustrating because the pop-up wasn’t didn’t show up each time I tried to modify a setting. Overall, this is my favourite habit tracking app and I can see myself using this for a long time. It makes my iPhone better
A1#45283	4	Additional feature || All and all a good app but I would really like it to have a note taking feature, so I could note down habit ideas, reasons for not completing tasks on certain days etc.
A1#46675	4	Great app!! || Love the simpkicity and the fact it offers asiggestions on new habit ideas!
A1#50032	5	Helpful app || It’s truly helpful so far. I really like that I can customise or use the suggested habits. It’s helped me to at least get out of my bed on my worst day and maintain some semblance of routine.
A1#51670	1	 app unusable as far as I’m concerned. It’s no longer user friendly. I create a custom habit and then it’s not findable afterwards. You can try to click a previously tracked habit and it just sends you to the irrelevant suggested habits that you did not create and cannot delete. It’s cluttered and no longer intuitive or quick.  I’m looking for a new app and am so disappointed I will have to start from scratch now.
A1#51875	5	t I highly recommend) that is life changing and this app is the perfect tool for something like that. It is so customizable in colors, emojis, themes and that makes it more fun and visually appealing to use. It also has suggested habits to help if you get stuck. I used to write my habits in a planner or paper but found it was hard to keep up because I don’t carry a planner around with me everywhere I go as much as my phone. This app is so much more convenient and because it has everything I need and I come back and
A1#52005	5	Nice clean UX and useful features || Great integrations with Apple Health - easy to use! Love the suggested habits too.
A1#53679	4	Lovely customization though some habits seem locked || Really liking this so far with its full customization but for some reason cannot select some of the suggested habits.
A1#53896	5	Outstanding App || This app is perfect for anyone looking to build better habits for a more optimal life. He app is comprehensive. The suggested habits provided in the free version are an example of the incredible power of this app. It is also amazing that assistance is available to anyone in need.
A1#55444	5	t it like if  I want to exercise 2 hours monthly, daily or weekly . If you don’t know what habit to put or you want ideas for like better skin or lose weight there’s  a thing you press on in the app and it takes you to  habit ideas and it is really helpful for me . You can see how much times you did that weekly, monthly or yearly  also you can make a habit group like for your friends if they have the app. And when you are at the Home Screen it tells you how much days you did it like in a streak but you  do pay if y
A10#5514	5	An honest review || Finch is by far the best self care app with a free option. Hi, I’m a person that has the free version of Finch, it is really helping me set goals. I love the feature of guided journeys, because setting goals is hard for me and when it has options for setting goals. It motivates me to try and set them myself as well. I also love that it comes with daily challenges and weekly challenges and events because it’s way more motivating when you get a reward especially if you don’t have to pay for it.
A10#6121	5	Loving it! || Love how cute and easy it is to use! The pre-made habits make it easy to add new habits/goals and it being a little pet makes it that much more fun! It’s wonderful to know that they do raffles each month for a free yearly subscription for people who can’t afford it( it’s a shame though Canadians can’t qualify for entering the draws  though)
A10#12787	5	list is visual and I get rewarded for completing them- from things as trivial as “going for a walk” to “take my medication” it has helped me reframe an overwhelming day.  Its breathing guides, reflections, exercises and guided journeys through anxious thoughts have all been genuinely helpful.   It’s replaced my doom-scrolling of social media and I’m always interested to see what my little chap will have discovered on his adventure.  Like a tamagotchi, but the creature you’re taking care of is yourself.
A10#14832	5	Amazing! || This app is perfect for making sure I do all of those little things that you’re supposed to. It also has some great tools for managing anxiety and I love the new update with guided journeys. I was skeptical about the seasonal rewards because I thought missing a day would put me off for the whole month but I’ve found that it motivates me to open the app every day. Overall amazing and I recommend it to everyone
A10#17718	5	of my little birb, which takes care of myself as well.   You know, I have a feeling the app developers read through Atomic Habits and realized that 1% of good habits every day comes a long way because as I was doing the guided habits, I feel a lot better with the little activities I’m doing everyday.   I hope my little birdie grows in the future just like her owner. 😊 See you all in Finch.
A10#34549	5	helped me manage it so much- giving me a list of my goals and the customization of them is very helpful. Now, I know this would take a lot of effort and work to do, but I think it would be extremely helpful to have more guided journeys. Alongside helping improve anxiety and focus, there can be others that help with other mental struggles like depression. I love the guided journeys, I would love to see more.
A10#40502	5	Amazing little app || More guided journeys please please please. I think for the price point we need a library of guided journeys. Thank you!
A10#40534	5	ad! This is the perfect app to keep track of goals or tasks I want to complete. I have ADHD and this app helps so much, but not only is it perfect for people like me, but it also caters to the goals of others. They have guided journeys for people with all different kinds of goals. Whether you want to improve your focus, your mental health, your physical health, or even just exist, Finch is the perfect app for you! 🐣🤍
A10#48001	5	This app really helps || This app is a serious game changer. It is so engaging and aesthetically pleasing, it tricks me into taking care of myself. It took me a few months to realize I’M the little bird! The guided journeys are great but it’s really nice to be able to completely customize everything including your goals. SUCH a fun way to keep track of my habits and track my self care. This app literally does it all. I pay for premium and it’s totally worth it.
A10#52921	5	Fantastic app! || I have tried habit trackers in the past, but I always stopped using them after a while. I absolutely love this app because it’s more than just a habit tracker! There’s guided programs to help you reach whatever goal you want to reach, plus it’s adorable. I love my Birb and you get to decorate their little house and dress them up and stuff. Absolutely recommend!
A13#1716	5	Matches my needs very well || I’ve been using Productive for a while now, on and off, whenever I need some extra motivation and habit control. The app is easy to navigate, stats are great, selection of predefined habits to choose from is great. Worth the money (contrary to many other apps I tried over the years).
A13#6125	5	Simple and effective! || Really easy to use and clean and neat to look at! Simple and gets the work done! It’s nice to keep track of streaks and I like that they give you a list of existing habit ideas to choose from!
A13#6645	5	Sophisticated || The app has a very nice theme and has a simple, easy to understand layout. The habit suggestions list make it quicker to add new things.
A13#9576	5	s.  I have been using momentum app previously (free version) but it just sat there and I wasn&#39;t engaging in the habit generation. Turns out it&#39;s all about UX. Productive makes adding and ticking off habits easy. Predefined habits are a great way to get started and keep you engaged.
A13#11395	1	Developer is out of their mind || $25/mo for full features for a productivity app, seriously? Or $99/yr? Completely bizarre pricing scheme aside, I would be willing to take this app much more seriously if the suggested habits weren’t still from Covid era. There’s literally still a “staying at home” and “preventative care” section in 2024. Makes me think that the developer is no where near this app any longer but still think it’s worth $99/yr.   There isn’t even an apple health sync option. What exactly are you offe
A13#12749	5	Love the app || Great feeling of accomplishment when you complete a habit! App is simple and easy to use. Love the suggested habits.
A13#13066	5	amazing app!!! || helps me keep track of healthy habits! would love to see more mental health related habit ideas! maybe some quarantine ones (in case we get bored) OVERALL SO WORTH THE DOWNLOAD!! PLUS ITS FREE WHAT ARE YOU WAITING FOR :))
A13#13791	4	💪🏻 || One of my top Four daily Apps. In combination with Headspace &amp; Think Up and Day one my life has changed.  Beautiful interface. Simple &amp; clutter free! The GUI is intuitve and there are plenty of presets and habit ideas to get you started. I&#39;ve been using this App for about week with solid gains in my behavior. I can&#39;t say enough good things about this app.
A13#16105	5	it tracker || I’ve tried to build habit tracking into other tools like GQueues and Wunderlist and find this app to be more straightforward, direct and easy to use for setting goals for new habits and tracking them.  The suggested habits are on the mark and easy to use, and the feature for adding new habits lets you customize for your specific needs.
A13#17174	4	Great free app, might actually buy upgrade! || You can only track five habits with free version, but it&#39;s super easy and I love the interface design. There&#39;s tons of suggested habits to track and you can also add custom ones. I&#39;ve only had it for a couple weeks but I&#39;m thinking about buying the upgrade. It&#39;s only $4 and essentially gives you analytics of your habits which is great to see the progress you&#39;re making toward building better habits and better self care. 4/5 because I wish you cou
A13#17342	4	I became a believer || Took a chance on the app after it got top rating for habit-tracking at TheSweetSetup.   I started by adding one of the installed habit suggestions, and liked the reminders and found it worked!   I paid the one-time upgrade fee and now track everything from daily habits like push-ups to periodic tasks like cleaning out the refrigerator.
A13#17418	5	ng Habits, Afternoon Habits, and Evening Habits. Choose one habit and list it on one, two, or all three habit lists to repeat daily, weekly, or anything in between. Swipe when your habit is completed. There are a lot of suggested habits for inspiration but you can also create your own. Give the free version a try! You won&#39;t be disappointed.
A13#17801	1	his app has almost forced me to focus on a few specific process forming habits that made me realize what I&#39;ve been missing the whole time, where to begin with building a successful workflow.   I added a few pre made habit templates and after a few days of being harassed by the notification on the icon I opened the app and checked off &#34;create a to do list&#34;, after a few days of that I really started to think about what I was checking off and gradually started creating a small list of the stuff that was st
A13#19504	5	Keeps me on point || Love the app, helps to keep things organized and out of my head and send you reminders for different time of the day, so you know what you need to do. I like the design and suggested habits. Definitely recommend it.
A16#495	5	One of the best habit tracking apps || Definitely one of the best habit tracking apps I’ve tried. I love the design, the habit template and review is helpful, the mindset articles help as well. The only problem is the price and that you can only track 3 habits at once (though I think that’s on purpose by Clear)
A16#810	1	 beat up on this app, and I’m a fan of the author. To justify the cost of a subscription, I’d expect something much more robust – a whole system of guided instruction beyond what’s found in the book, maybe an library of habit ideas (optimized for iOS) organized by topics that users can filter through, mix and match, and just any other number of things that could make it more than just a phone-version of the ‘I will ______ at ______ day/time so I can become a _______’ template. I do hope that this app will improve, 
A24#1712	5	Love it so far! || I’m a few weeks in. This app makes creating and keeping habits seem fun! That’s exactly what I need. So many features: Plenty of habit suggestions or add your own, challenges, cute graphics, really insightful daily coaching to read or listen to, soothing sounds and stories etc. I like that it told me not to add to many habits at once and start small which has really helped.
A24#7384	5	Flexible & Inspiring || “Fabulous helped me rebuild routines after moving. Great guided journeys for starters, just wish for more icon choices.”
A24#15564	4	Life planning || Really fantastic guided journeys and meditation segments. Lots of lovely sound loops for mindfulness and mental focus training. Tons of details to appeal to every type of person and customised journey planning. Really good for the very erratic and creative minds.
A24#15801	5	t use. A huge benefit to me, I’ve already recommended to a few friends and family.  It has goals or habits to choose from and you can create your own, but the set habits range tiny to big. It’s a gradual process and the guided journey and daily coaching are subtle touches that makes this feel so personal to you, which encourages you to use it even more.  An app I’ll be using everyday for a long time!
A24#17604	5	Guided habit app || Unlike other habit apps, this one makes you feel guided. I love it
A24#24294	5	Guided Habit-Building is Excellent || Guided habit building is excellent with this App. I am enjoying the whole process and look forward to the coaching at each step
A24#24355	1	d, and the “free trial” isn’t free. || I wanted to like this app, but it wasn’t for me.  I found it unnecessarily complicated, and it wasn’t clear what was included in the premium trial versus what was being upsold. The habit suggestions were extremely minimal (like drinking one glass of water a few times a week), which didn’t motivate me to keep opening the app. I was expecting more science based insights about habits and procrastination, similar to Noom, but much of the content felt vague and philosophical rather
A24#27911	2	overly simplistic and at times even patronizing. The messages and prompts often came across as shallow affirmations rather than meaningful guidance. For example, the reminders about &#34;Duchenne smiles&#34; and generic habit suggestions based on weather conditions felt disconnected from the real challenges face in forming and maintaining habits.  Furthermore, the heavy promotion of their other app, &#39;Clarify,&#39; which supposedly targets ADHD symptoms. Felt misleading. Upon exploration, it became apparent that
A24#29183	5	Phenomenal habit app || Best practical/well-guided habit app I’ve seen on the market. It’s made a big difference in my life and I’m sure, will continue to do so.
A24#29573	5	Absolutely worth it. || This app is not like any other productivity or routine creating app you are on a guided journey to take care of current you so future you had the tools necessary to reach your goals and have a functional life!
A24#30290	1	Good luck canceling your subscription. || Tried it out from an ad on a YouTube channel I like. Looked cool. I didn’t like the habit suggestions and wasn’t able to set my own or adjust the frequency of tracking progress. For example, they gave me the goal of brushing my teeth three times a day. It showed up in my morning routine but when I checked that box, it said it was done for the day rather than giving me three boxes/buttons a day to check.   After two weeks it wasn’t for me. I didn’t get any notification about
A24#31765	4	age you’ll always have a little notification in app that won’t go away. 3. I’ve never gotten the apple watch app to work, just to various stages of broken after uninstalling and reinstalling. It’s ironic when one of the suggested habits is unplug but you have to get on your phone to mark off the habit.
A24#32050	5	daily reminders, to do lists, exercise journals, and healthy living and diet groups and apps.  Personal wholeness and wellness, physical and mental well-being are all part of the process, and you can choose from so many guided journeys, plus add your own already healthy habits.    I introduced it to my daughter, who is enjoying it, but I was hesitant to share it with my partner because it looked so &#34;girly&#34;.  Well, duh, I figured out that the  background art of most functions is customizable.  It&#39;s all b
A24#32540	4	Wonderful tools for Motivation and accountability || I love the tools that make me my accountability partner. The guided journeys are just what I needed.    An area for improvement I can see if in the area of info graphics. They are difficult to see/read, and it won’t let me enlarge them. I have to screenshot them in order to read them,  and even revisiting them.  Perhaps make them saveable to one’s device.
A24#33258	5	Best guided habit tracking app! || Not only does it help you track habits daily but it has guided journeys, challenges, a social support area, but it also gives you some small daily coaching minutes to help you stay focused. ❤️
A24#33779	3	he feminine side with all the graphics which is not appealing to me. 2. The initial &#34;journey&#34; has me do coaching in the afternoon that is written as if you should be reading it first thing in the morning. 3. The suggested habits are so small and the progression is mainly adding more tiny habits. They make you feel as if doing these small things adds up to a grand journey, but nobody ever climbed a mountain with small goals.
A24#34335	3	ces intuitive eating and has an eating disorder, I find the amount of diet related messaging really off putting and honestly a little triggering. If I didn’t check that losing weight is a goal, I should not be receiving suggested habits like intermediate fasting and weighing myself every day. This can be really detrimental to people who have history of ED’s. So beware when downloading if you are sensitive to diet related subjects.
A24#35747	5	Impressed! || I’m on day 2 and have already made a large self-discovery. Looking forward to seeing how this guided journey develops!
A24#36402	4	Great inspo! || Love the motivational quotes and liking the guided journey more than I thought I would. Wish I could blend journeys and challenges a bit more into my own model. Also found some great quotes but having trouble saving and sharing the ones I like best.
A24#36511	4	ugh on a new task I was so excited for (involving self care, a new craft project etc) and this app is such a nice gentle way to ease into practicing healthier habits, I love the “fabulous moments” and the slow stream of suggested habits. I feel like with other planning apps it leaves it all up to the user as to what you need to do and when and all those choices can seem overwhelming. I really appreciate the gentle introduction and slow adding of new habits which I’ve found has made them more lasting. The only reaso
A24#42744	4	is should definitely be implemented. It took me a while just to figure out how to mark off my tasks.  With the Pro version, you’re limited to small, slow moving habits. The biggest issue is that I already do some of the suggested habits, but without Pro, I can’t skip them. So I wait three days, log a habit I already do, and then maybe get a new one.  Just making the design more clear and simple would be helpful. A pretty design is no good if your users can’t figure it out.
A25#222	5	Seems near perfect so far || Price is reasonable, offers a lifetime cheaper than some alternatives, have all the features I am looking for in a habit app , have preloaded suggested habits and reminders ICloud sync, apps for iPhone tablet watch yada yada lots of settings basically exactly what I’m looking for highly recommended this app
A26#609	5	Serene and inspiring || This app is so aesthetically pleasing. I hope they add more habit suggestions. The ones they have and reason behind them are incredible!!
A31#35	2	ounts, especially considering the shortcomings above. I bought other apps for that price that offer literally everything you can ask for, including video content (also including famous people, like established authors), guided courses, beautiful animations etc. to keep you engaged. This 60€ for this app is a rip off and I immediately discontinued my Subscription once I had paid the introductory offer price of about 10€/first year. I‘m still disappointed as some features are definitely missing and not well thought o
A33#162	1	 team not responding || The free app does not provide basic options i.e you cannot add things as simple as notes to the habits. The edit options are very limited, tasks cannot change their categories, there are very few predefined habits.     In addition, the support team is not responding. After starting a conversation with a request to close my account, I was reassured that I will get assistance when I state my reasons for closing the account. I sent two messages and got no response for a week. The close account 
A33#2518	5	want to create. Ticking them off feels good and keeping the list short is the best way to begin! I use: meditate, core training, read. Today I added: write.   I think it will be very inspirational to be able to see more habit suggestions in the app to choose from. This will inspire and motivate to consider new/more goals.
A4#19548	3	gets with different habits.   If you aren’t looking to utilize the widget, I would pass on this app. They spend way too much time on the Discover tab and other tabs that I have a hard time believing anyone is using. The premade habits are mostly nonsense. Check them out during your free trial and you’ll see what I mean. The widget is what sets this app apart from others.   Biggest areas for improvement (as of 4/23) are:  1. No good way to have a task be a certain amount of times per week or month without being day 
A41#308	5	Awesome || This app is awesome. The app has some ready made habit templates but you can also make your own habits as you wish and edit them. I like the history section too and that you can see trends and see how well I’ve done on each habit. It has just the right amount of features and customization for me, not too little and not too much that it would be overwhelming. I think the simple design also helps it feeling just right. The widgets are great and I love that I can have one on the lock screen. Has been a real
A41#350	5	tle higher?&#34;.  I get to treat my habit goals as a natural cluster of things to tend to beside my current life rather than a terrifyingly rigid law that slices through it, and i can still zoom in to still see the new habit ideas i&#39;m not doing or having trouble with and figure out how to make that work.  There&#39;s other great features like the simple native UI, the full Apple Watch and Widgets integration and the option for a one time purchase, but the percentage focus and backseating of streaks made this a
A48#1086	5	Best tool for setting and tracking goals and habits. || Predefined habits, wizard to set goals and custom habits, custom reminders, very visual..it has it all :-)
A5#3228	5	Great app || This works well for my ADHD.  I also like the habit suggestions with the brief explanation underneath.  Meditation is good.  I know Isaac from Genesis was meditating back in 1700&#39;s BC and us Catholics began meditation while counting scripture recitation with stones in the 3rd century.  We have been meditating for many many centuries.  You may recognize it in one form known as a rosary.  We don&#39;t sit all cross legged and make circles with our fingers.  Instead of focusing on ourselves we focus o
A53#150	2	er out there and this one is alright. The paid versions aren’t clear what it contains. And even in the paid version it quickly runs out of reminders which is silly. Hopefully they add more soon. It’s nice that they have pre-made habits or you can create your own.
A53#713	5	read though).  HabitMinder helps you keep up with habits like walking 10.000 steps day (it’s integrated with Health), taking your medicine, exercising for a given time, watering plants every week, and so on. You can use predefined habits or create new ones, even with a different reminder sound for each habit. The streak is another great feature. After you repeated 100 times your habit, you have an extra motivation not to give up. This app is great for tracking daily tasks and weekly tasks that are to be done in a g
A67#1498	5	Djey || The habit suggestions in Habio are based on my personal goals and have introduced me to new routines I now can&#39;t live without.
A68#118	1	Everything is an upsell || I uderstand you sell a subscription. It makes sense. What doesn&#39;t make sens is that after paying the subscription you have to PAY for the journal (u$d16). For a guided plan you have to pay from 50 to 99 dollars. Without it the app just throws stuff at you and you have to figure out how it works. No tutorial, no guide. This is just a cashgrab. I can&#39;t tell if the programs are good because I&#39;m not paying full price before a trial. Avoid at all costs, you pay 14 dollars a year fo
A68#2837	5	retty useful features that helps you plan your daily routines and track your habits. The addition of a welcome video is also a nice touch, it essentially gives the overview of the app. The feature I like the most is the premade habits. If you have a lot of habits to track, it can become tedious to make them, but this app already has premade ones that you could just press to add to your routine. I also like the stats visualization, it makes you want to keep doing more and improve yourself.
A68#3678	5	Game changer for daily routines! || UltiSelf has completely changed how I organize my day. I love the extensive habit library—the scientific explanations behind each habit really help with motivation. The UI is clean, tracking takes less than a minute a day, and seeing how my habits affect my overall mood and energy has been super insightful. Highly recommend!
A68#4157	5	Game Changer || Great Habit establishing App I have used several years now!  Customizable and tons of great habit suggestions!  Game changer for my habit routines
A76#877	5	ne that I&#39;ve been really satisfied with. The UI is very good and gets out if your way after using it once or twice. It took me all of five minutes to set up the habits I want to track ( it has a selection of popular predefined habits  already available but you can also specify your own). It takes me on average a minute a day to update and review my progress.  It offers several views of the progress you&#39;ve made on each habit through pie charts, bar graphs and trending lines.   Unlike other similar apps I&#39
A76#2582	3	More feature required || Although a good clear app, given it is 2.49 gbp it needs more. A comprehensive habit library for picking common apps by category is a must. Also a habit may have bits to hit eg. Drink more water could do with recording this 7 times daily as opposed to only once you may have stucco only 3 glasses
A8#202	4	 of “on those days” or clarification that it will only remind if the habit is scheduled for that weekday. Also, the app could be a bit smarter about suggesting settings and making it easier to toggle. I chose one of the predefined habits, and then wanted to change the name, and it deleted the correct time settings. Just why? And if i want 10 reminders a day, it should become obvious that i want it every hour or just offer such setting.
A8#540	4	nrise it is a completely free app and as soon as you download it you don’t need to sign in or buy any monthly subscriptions it has a clean format which I absolutely love but the one thing about it is that you can create premade habits but you cannot create your own in your own words, Onrise please fix that! Back to the positive it has no ads
A9#675	1	n two “stickers” for having two many habits add to my plan, so okay. I looked at the presets expecting something interesting and the last (and only) monthly preset was for march. The widgets are boring and mediocre, the suggested habits are also not related to the lengthy questioare you conduct, the app is female heavy, the articles or tips included all same chat gpt content, all in all i regretted the app within 5 minutes after purchasing the subscription and even deleted it.
P10#5324	4	 || Great App. The UI is simple, neat and concise and it also comes with some lists of popular, predefined habits, so you don't need to create one from scratch. My only problem is that, there is no menu/means to reorder habits on the app. When I add a new habit and put it at a said time, and it comes before an habit I have already created, there is no way I can reorder the habits such that they occur chronologically. This prevents me from creating an orderly to do list. A fix is well appreciated.
P10#9999	5	 || pros: - easy to use - organized - with reminders/alarm (cute/cozy tones) - habit/task could be set as 1 time task, could be repetitive, with durations - could set a goal - with personalized/guided habits - editable icons (provided by le app) - no ads, unless u wanna add more than 5 habits if u cant afford the premium version cons: - colours for the icon is limited, purchase the premium version all-in-all: - definitely will rate this 5 🌟 cuz of how easy to use this app is, straightforward
P10#10074	5	 || Nice app! Tried a lot of habit tracker and this is one of the best. You can time yourself when doing your habits ans nominate the duration of your goals. It also provides you suggested habits that you may want to explore. I hope you can increase the no of times per week from 6 to 7.
P10#10331	5	ittle app. Yes the free version contains ads, but it doesn't prevent me from reviewing my habits and ticking them off. After using the initial quota of habits, you can still add more by just watching a ad to unlock more habit templates.
P10#11306	5	 || Love the simple design, easy navigation, unlimited habits, and ability to choose how often! There's a wide selection of suggested habits I can choose from or, I can create my own! There has only been one ad in 12 hours!
P10#11994	5	 || Kudos to the designers who designed the UI and the developers who implemented it. The good things I love about the app are, - UI and UX (of course) - Habit suggestions - More Important of all, You don't need to sign up to try out the app. No need to give my email and name, until I want to.(Thanks for that). Now coming to the things I wish this app had: - A widget obviously - Option to add multiple reminders for a single habit (eg drinking water) - Option to add "Notes" even when you fail to do a habit - Option 
P10#12268	5	 || I love that i can customize even the habits that are predefined. The predefined habits are useful in case one has no idea what habits to take throughout the various times in the day.
P106#126	4	 || I'm sure it's good but it doesn't give you much by way of options. When you download it it gives you a list of predefined habits that you have to choose 3 of. So if you want to track a habit that's not on the list it's not an option.
P106#263	5	 || Is there a way to move habits? Like rearrange the order? Great so far, love the habit ideas it provides.
P106#415	5	ill stick to. First af all you can add as many habits as you can. For free. Also you are not blasted with ads. Usually these kinds of apps are useless if you don't have the premium version. Also you get some really nice habit ideas. I would like tho if there would be an option for habits that you do multiple times a day
P106#577	5	 || 01/09: The journal aspect is so amazing, I love the colour coding, and no need to make an account or stay online. The suggested habits made it so easy to set up too! By far the best habit tracker I've tried on my phone.
P106#732	4	 || Easy to use, lots of habit suggestions.
P106#965	5	 own sections and color them how I want and also I want a random sort in the filter option cause I get bored doing stuff in order and also I need a search button cause I have a lot of things go track. P.S. I really like habit ideas.
P12#17888	4	 || Love this app. Putting the things I know will help me feel & function better into Morning & Evening Routines is so helpful. Your list of suggested habits helped me identify items I may not have thought of. Recently, I had a stressful life event change/ surprise, which can lower my mood & motivation, this app is helping me to be action forward, & do good self-care- which improves my mood. Thank you for such a great tool.
P12#27216	4	 add my own images for rituals, and 4 stars because when I got a new phone and logged into my sphere account, none of my progress was transferred despite having done the back up. Personally I've moved beyond wanting the guided journeys but not being able to access content such as coaching or letters after closing it from the homepage is irritating.
P12#29215	5	 || I like the storyboard, guided journey this takes one on to help you adopt new, healthier habits to your routine...in a way that they will stick! It seemed frustratingly slow, at first....then I realized it was working!! I was actually looking forward to ticking off/marking complete the task I was trying to adapt as a habit!! I never felt that way with previous attempts!! Thanks Fabulous!!!
P12#35714	3	 || Suggested habits and activities are all good BUT can move forward a bit too quick with new suggestions. I need to step it really slow & steady.
P12#44937	1	 || This is like the noom equivalent of a daily schedule. If you are looking for a guided journey of a daily schedule with philosophical teachings that you are required to pay a monthly fee to use then this is the app for you. It is just not what I was looking for.
P12#47869	5	 || Refreshing and hopeful. This app is a habit tracker with education and inspiration built in. It has both predefined habits and custom habit tracking ability. I would definitely recommend this app.
P12#52119	3	 || Lots of great features and guided plans. Stunning visuals. But the sounds are glitchy and will sound even when you're not using the app. I had to uninstall the app to determine that it was indeed Fabulous sending me all these unwarranted sound alerts, even though I'd thoroughly managed all notifications. Love the meditation options. Consolidated my spend on meditation apps by simply paying for this habit building app.
P12#57704	2	 || Disappointing. I really wanted this app to work for me but the display was so cluttered and confusing. I couldn't work out how to ditch suggested habits that I didn't want to take up, like eating breakfast (I'm following an intermittent fast programme). Plus it guided me to tick to say I'd drunk water already, partway through setting up that habit and then I couldn't undo that. Such a shame as I had high hopes and the interface was generally really attractive, just way too much going on.
P12#58131	4	 || A great app, I love the habit suggestions and I especially like the daily flexibility routine. But there is a crucial bug in the system; sometimes the alarm just doesn't go off. Lucky for me this happened first on my day off, but i would have been very upset if it made me late for work. I started setting the normal alarm on my phone a bit after the fabulous alarm, and quite regularly it doesn't work. I feel like a reliable alarm is crucial for this app if you want people to function through it.
P12#62557	4	 || great guided habit building app
P12#118419	4	ess if you want to build your own habits! I love short daily coaching (despite usually being allergic to everything coaching related) and how it supports my tiny steps creating my own routine! However not all hints from guided journeys work for me. Trying to apply habits from bedtime journey cost me two sleepless nights. I strongly recommend this app, but if some recommendations don't work for you - you are not alone :)
P12#150439	3	is guiding you but I felt like that disappeared quickly and after 2-3 days you're on your own setting habits and schedules yourself, and not even reminded of the first habit anymore. If I am paying for an app I want the guided journey otherwise I can use any free schedule/planning app to do the same thing. It still has some value but I regret paying for it. I believe if they work a bit more on the guidance it could be great
P125#6410	4	 || This app has so many habit templates. They are very nice. Wonderful app for Habit Building😇 I want a give 4 star because, 1. sometimes when I open this app the app gets crashed again and again its horrible.😫 2. I don't know about others but in my machine this app runs very slowly.😫
P125#8857	5	 || I like the format and suggested habits. Easy to customize to your own goals.
P125#15830	5	 || Lovely app that always gives me uplifting notifications to my phone. Very easy to follow good habit ideas.
P125#27006	5	 || A great app for having new good habits, also is habit ideas and habit tracker
P14#284	5	 || The UI here is fun and makes me want to come back for the dopamine from confetti when I have a successful habit. Simple concept but the visual feedback in pixel form is rewarding. Easy to get into with some premade habits to get you going right away.
P2#1763	5	 which I can see how well I am doing with my habits every month by receiving some score or percentage. Maybe I am overlooking it somehow but I can only see it per specific habbit. Then it would also be nice to have more suggested habits, I enjoy the ones added in the news and events page. Thank you so much!
P22#1157	5	 || The app's good, but here are ideas: 1) Distinguish quitting and doing habits visually. 2) Let users type amounts/durations instead of rolling. 3) Add currency tracking for habits or something. 4) Include premade habits with conditional formatting. 5) Offer editing options like Prosper app. 6) Prosper and discipline app should have a collaborative feature.
P24#1342	3	 || I dislike that there are no suggested habits
P24#2524	2	 || ***Had to uninstall to find where to sign in, only for the app to shutdown.*** Gave this a go again in hopes I could at least screenshot all the habit suggestions they have to offer so I could make a list to use elsewhere & was able to. Logging in last time the app worked had it shut down & nothing worked for weeks. Here's to hoping the app working sticks this time.
P24#20846	1	 || Terrible terrible app. Crashes, complex, bad design. Only predefined habits.
P31#628	5	 || Hellohabbit has made habit tracking a breeze for me. The interface is super easy to use, and I love how it simplifies everything. The journal feature adds a personal touch, and the predefined habits save me time. The "days without doing a bad habit" timer is a great motivator too. Overall, Hellohabbit is my go-to for keeping me on track with my goals. Highly recommend!
P33#719	1	 today because right now you have to specifically open a challenge to see a task for it and that's not my idea of organized. It would also be nice to customize units in a tasks because now you can only use the ones from suggested habits. And colours, please more colours!! Apart from that it's a nice app.
P33#1255	1	 || Hey, I just installed the Productive app. I loved the app & its premade habit templates. But as soon as I gave my consent for 7 day free trial, my credit card got debited of 2500Rs., didn't even bother to ask me what plan I would prefer monthly or annually. I think it's the biggest Scam I have come across in 2021. Please pay my full amount and I will subscribe only after 7 day free trial, if I found the app useful. 17 Jun: Issue not resolved yet 25 Jun: Didn't get refund yet
P4#29576	2	 || Way overpriced for what you get. $19 should be a lifetime purchase. Pre-made habits should be fully customizable, you should be able to put them in desired order and save it so it appears the same every day you want those habits. Habits like exercises are poorly written. Also, these apps depend on the person to use it. Doesn't help if you don't already have discipline.
P63#938	4	 || nice and easy to use, love the suggested habits
