A1#54658	3	Great but buggy || I paid the $5.99 for the lifetime one-time purchase. I currently have 10 habits, some with multiple counts per day. I love thé look and feel of the app. But it keeps clearing my name from the profile section, so I have to keep entering it. And it does not reliable sync between my iOS devices, even though everything is up to date and iCloud sync is on in the app. I have to force close the app and then relaunch for it to grab the most updated info. Extremely annoying when I’m depending on watching 
A10#9501	1	My bird disappeared today || It says she went on an adventure but I don’t see her only the micropet nor is she even on the profile page! Must be a glitch! Please sort as I love the app
A10#17779	5	 self care…. My only feedback is that dark mode would be nice, obviously it’s hard to do with all the graphics but just to have a slightly more muted and darker interface, for example in the goal checklist or quests, my profile tab? :)
A10#47618	5	ck, but finch is one of the best apps I have. It makes me actually WANT to do things and it gives me motivation. I recommend this app for all ages. Complaints: There is one problem I have with it. Could you make like, a profile page that has all of the friend ID and unique user ID in one area? When joining the discord server, I struggled searching all over for this. Otherwise amazing app! 🩷
A10#56270	4	Amazing App || Cute and fun way to build habits or work on yourself. Has really helped my mental health, procrastination, and habit building.   Only suggestion is a sign in or something to keep data and profile backups so you don’t need to export a copy of your bird to your phone. Having a sign in would ensure data is never lost.
A19#32	1	Complete scam and money and time waste || I tried the app from the web site for 2 days only but saw that it is useless and terrible inclusing only toyish presentations. Then I wanted to cancel my subscription, in My Profile Page, Cancel Subscription button does not work immediately, instead they are sending you emails with new unreasonable offers like 5 $ for lifetime, 1 $ per month. When you insist, they send you an email stating that they are unable to refund. When you insist again, they send you another email st
A24#1325	1	Cannot contact support || I purchased a premium subscription but could not log in when I changed iPhones. The FAQ help page directed me to tap into the profile icon on the homepage, but there is no profile icon on the homepage. Having tried everything I could think of to login or restore my purchase, I found a well-hidden help chat where I could submit a question. I submitted it a month ago and am still waiting for a response. In the meantime, I’m still subscribed to premium, at the tune of $57.99. Looks like a gre
A24#14163	1	ption but there’s SOOOOO MANY POP UPS every 0.5 seconds omg it’s almost like they don’t want you to cancel they make it so hard. Took like 8 “contacts” to drink water and whatever to finally get a second to click on the profile icon and manage my subscription. Never again.
A24#24999	1	Scam || This is a scam. They will charge you whether you attempt to cancel or not. You cannot cancel because the profile icon will not display in the app. They will ask you for a customer number which you will not have because you never signed up to begin with. Do not download this app.
A24#30529	1	sed to sign up but the app would not show that I had the paid subscription. There is no way to contact the company other than via online form and I was not able to ever figure out how to link the paid subscription to my profile so it was a waste of money. Customer care bot kept sending me a generic template response which did not help in any way. Hopefully, you will have better luck!
A33#1359	1	Most buggy app || Firstly even after a paying the premium, you remain a “guest” with your name. It being displayed on the profile tab.  Secondly, it’s so buggy that when a habit(s) are deleted on the ios app it remain on the Mac OS app. Impossible to delete it.  Third to sort that issue I deleted the habits on the mac app and instead of a clean empty tab, I still have all the habits showing up even the deleted ones from the ios app.  But surprisingly all habits on the ios app disappeared because I deleted them on t
A4#7927	3	Incomplete || I&#39;m missing the feature that shows my saved routines. Changing habits is complicated. You risk adding the same habits several times in the same day, furthermore in the profile section it would be nice to be able to add your own data such as profile image, age, weight, height, etc. It&#39;s not very complete. I wish there was a section like: your saved routines - cleaning - &#34;to do list&#34;, so I can easily configure the days and times without going crazy.
A4#13093	5	Can’t login || Got a new phone and when I open the app it forces me to make a new profile with subscription. Why can’t I just log in ?
A4#16777	1	ims to give you a 7 day free trial, but then charges you right away. When you go to the questions page about subscriptions, it gives you a false link that doesn’t go anywhere.   There is very limited information on your profile page, so you have no info and no control over your subscription within the app itself.   This app also pushes TikTok influencers… which is weird and irrelevant to being more organized and keeping routines.   The whole thing is weird and I’m NOT HAPPY that I had money taken from my account wi
A4#17945	4	1 gripe - why can’t I see a full list of my habits || There needs to be a profile screen to see all your habits in total. That way you can delete or customize certain days in the future. Also the goal timer does not continue to count down outside of the app. I have a timed reading goal and I can’t use the timer in the app and read on my phone.
A4#18429	3	Can’t find profile || The one thing that bothers me is there’s no profile page. It doesn’t show my name or information and doesn’t allow me to edit it. How do I even log in and out? How do I connect to my account on another device?
A4#19543	4	app and I’ll continue using it despite its minor issues, I just hope my previously stated problem gets solved because my habits from the past 2 weeks are completely gone! (I saw a data repair button at the bottom of the profile tab, but when I clicked it nothing seemed to change so I’m not sure what that’s supposed to do)
A49#116	1	Typical Paywall Trap || Another app that 100% of users are just gonna make a profile and then instantly delete, don’t waste your time, can’t even test the product why would I give you money
A55#741	2	Profile || Why i cant open my profile?
A68#3318	1	Useless app || Unsubscribe my profile  I demand that you refund the subscription fee for your app, which was automatically charged from my card
A86#765	5	e developers take this app. They&#39;ve been quick to respond to my suggestions and feedback so I&#39;m keen to see what they do in the reporting side, which is a small weakness now (I only stumbled on the charts in the profile section by accident!) It&#39;d be great to have charts to show cumulative effort and consistency, and compare progress of habits in the same view. I would also enjoy a dashboard view like the excellent notification widget shows. However the essence of the app is in the uncluttered separate s
A86#866	5	earching for a good habit builder app and triedany,but found this app excellent. Paid for premium version, and lovong it. Pics are gorgeous. Just having one problem aince yesterday, app is getting stuck when clicking on profile icon mear bottom right. Can&#39;t access it.
A86#1241	3	It’s great But... || Every time I press “my profile button”  The app suddenly crashes.
P11#3087	3	ooks good. However, I have a few issues. Mainly: - The only thing more consistent than my habits are the constant reminders to get pro. They not only show up when you start the app, but also in the today section, in the profile section and in the discover section. - When the app sends you a reminder notification and you click on the notification all notifications disappear. Other to-do apps don't do this. - The app takes a long time to start. Way longer than other, similar apps.
P12#64879	5	endar. Cancel subscription at the top of Google play, & within the app settings. There IS a monthly, annual, & lifetime subscription. Sound options, alerts, new journeys, challenges - available immediately during trial. Profile icon has "all journeys" & "settings". Settings has "general" & "sphere" (subscription). On "home"page bottom, there is a rocket icon with even more.
P122#6924	4	a good way to set the plan for workouts and track the progress. I like that it is dedicated more to a heavy lifting than just fitness as many other apps. What I would like developers to add, is a 1 RPB statistics in the Profile Section (choose private and public) that updates every time a new PB is set.
P122#32122	4	 || I would have given in 5 stars if in the chart on the profile page, or on the individual workout, it had been possible to visualise the total reps per workout over time. Now you can only chose to see the total reps per week, but this is not very useful.
P125#2317	3	 is a beautiful, aesthetic app that can be used by someone who is suffering from depression and anxiety. Follow it for 21 days to start your life anew and succeed. I am from Sri Lanka The number of likes displayed on my profile in the app is decreasing day by day. why is this happening ? Please fix it . 🙏😕
P125#14331	5	 || Nothing comes close to the aesthetic, neat interface this one has! I love 💛 the challenges, and so much inspiration from others in the Feed. The Profile page also has a lot of scope for additional features such as to Beeline (follow) others, customization and I would appreciate to see the Likes, Replies and Challenges work when you want to see in detail. If I may also suggest would be the Daily Journal, as a nifty small icon we can see, without going to profile for referance 😃 I LOVE this app
P24#779	4	 || Registration in profile page using Email address does not work.
P24#7978	5	 rly want you to read this . I think the app needs more options and more online stuff. The idea of making posts and creating that little society is good but needs more stuff. Idk like global chat maybe adding friends or profile pages that i can control who can see it thatshows my overall progress through my habits or how many habits i have a small bio under the profile pic..etc stuff like that ^^ i think that will be an awesome ubdate and huge jump not only for us as users as it will help us more but for the app it
P24#9089	1	 || UPDATE: I used to love this app. In fact, so much that I purchased premium. Now it won't sync, no matter what. I checked to make sure my login is the same on both devices.i synced from the profile page. I tried to log out, but it keeps saying something went wrong. I even uninstalled and reinstalled and it's still not syncing. PLEASE RESOOND.   I love this app. I love how customizable it is and that it syncs across devices. I paid the small one-time fee to get the upgraded version and it's well worth it.
P24#9467	3	 || Trying to change my password, but it says my email isn't in the database even though I bought the premium version, my email is displayed in the Profile tab, and it says that it is able to sync. I even got an email to that address. Not sure what to do if I need to sync to another device if I've forgotten my password and am unable to change it. I'm not going to spend my money on premium again if that happens.
P24#9516	3	 || I just downloaded and it won't let me sign up. It stays stuck at the "we're setting up your profile screen". I've waited over three minutes to let the screen load, and it won't do anything. Maybe I'm not being patient enough, but it's frustrating! Really wanna try this app out.
P33#1457	1	 || The app consistently resets it's because it never gave me the option to create a log in or password. So I am stuck in a loop that makes the app completely pointless unless I want to rebuild my entire profile every time I want to use it. Thanks for stealing my money.
P38#1020	3	 || Something like black rectangle blocked my navigation bar, and I can't see button to see my profile and settings until randomly click on the rectangle then suddenly the profile page opened. Pls fix the UI
P4#23505	1	 my subscription from there. They gave me a canned response without understanding my concern. The 2nd time they replied, they gave me an instruction how to do it but the section "Manage My Subscription" is not in the My Profile menu. There's no way to do that! Total waste of money!
P4#24563	4	 || I can not give it a 5 star, because I have a few issues while using the app. Like I'd love to be able to see all the tasks that I have in my lists on the profile page or something. Maybe more data on progress, and consistency. But it is a pretty great app.
P4#25976	1	 || Says it's "in app purchases", but you can't use the app at all without signing a payment plan. Don't waste time setting up a profile. It's not actually free.
P4#26953	1	 || Feels like a waste of money. Once you set your habits/routines, it won't let you edit them. My profile section doesn't even show my stats. I tried searching the help/feedback section on how to edit a routine. No results. Really disappointed. Canceling my subscription.
P4#27392	1	ut how it has such high ratings. It's more like a notepad where you make a list of 'to-dos'. It doesn't notify when you set reminders and this is even with paying for the premium subscription. Plus there's no account or profile page really. Recommend you use something else and not waste your time here.
P8#2794	5	of Productivity app. I tried many app to build Gamification but I failed at Last I found this Great App. I really want to complete my task a Gamified Manner and this app is best for that. One Thing you should add in the Profile section. Please Show "Party Name" in the Profile section of Every Player.
