A1#473	5	I love this app || The summary page is so cute. I like the colours and it’s very easy to add habits. I can’t see how to edit the habits that I’ve already set up but I guess I’ll just create new ones.
A1#796	1	The worst color scheme || When habits are set to &#34;Quit&#34; with 0 per day - nothing is readable because of the all dark colors and the UI looks awful.
A1#2366	5	Exactly what I needed and more || Gonna keep it real short: - great from people like me with depression who struggle with good habits - helpful reminder at a time you chose - can choose all colour themes and app dark/light mode theme - good selection of widgets - can change the reminder sound or add your own audio files for reminders - can even change app icon Only suggestion: Being able to choose what habits are shown on the widgets would be great
A1#43759	1	…t fill up anything, and if the value is really 0, I want to „confirm“ that first. - If a „build“ habit is not fulfilled, I want to see it marked with „cross“, the same way as when a „quit“ habit is not met. Instead the habit is marked with a lighter color than if it was fulfiled. It is confusing and not clear. - I want to have the habits sorted as I want and if I complete any, I want this habit to move to the bottom of the list. I cannot do that. I can switch to „Bottom“ mode, but the list is not sorted as I want, but splitted into „Quit“ and „Build“ sections.…
A1#45058	4	…being able to retroactively add data if you forgot or otherwise was unable to. like omg thank you i forget to log stuff a lot - neat stats and report views. the &#34;pixels&#34; view is cool! (they take a few secs to load though) - wide selection of colors &amp; decent selection of icons for each habit - being able to archive habits that are no longer needed, and reactivate them as needed. so clean! - apple health sync!!!!! what would immensely improve the experience imo: - a way to group the habits by some form of category in the home view. like a colored header that represents the life area …
A1#45553	5	Easy to Use + Really Cute || Cute, easy to understand interface with a lot of customisation and can track a wide variety of habits/goals/tasks/events etc and use a range of different measurements and set time and location reminders and label them with different names and emojis and use a bunch of different shades of colours ^•^ really recommend for students or workers or people who need to organise their week better
A1#47749	5	Nice app. || It&#39;s a really nice app, but it has some bugs. 1. Quit Habit Type is affecting the report because when I set the Habit Term to a previous date and then changed it back to the current date, the records are not cleared and remain. 2. when the count of Quit Habit is set to 0, the drag color change is not visible when &#34;Swipe right quickly Action&#34; is taken because the default is a dark color.
A1#49314	4	I would love to see a more clear percentage || I would like to see some charts with some more accurate numbers. Currently the percentages don’t make much sense. I would love to see some kind of ranking, and a more clear percentage. Also the color scheme on the year view makes it harder to know how much I have in fact completed, because the shades are not too different, so I can’t easily tell if it’s a full color (which means a complete habit) or if it’s a little bit lighter.
A1#51750	5	… to so many of those per day to help you cut down. You can edit pretty much everything to your liking, and when I downloaded it I had a deal to spend a couple dollars to get a chart that made it easier for me to track, the daily things get darker in color depending how many you completed (ex. I made my “drink 10 bottles of water/day” section blue, if I drink all 10 the little square will fill in the blue. If you drink none it stays white, drink some it’s a light blue) and the things you want to quit stay the color you chose if you had none of whatever it is and get darker in color the more you…
A1#52402	4	…te. Even the features are great, for the price. I paid for it in full. However, if it turns into a subscription, I’d like the option of being “grandfathered” in. Some features I like. 👍 - timer for reading &amp; optional sound. - Full customization (colors, creation, day/week/month - icons. Decent amount for each habit - mass add. Especially great for retracking when updates mess the app up. - stats option. - share habits. I share with my wife &amp; we know when we update. It’s awesome! - option to turn off quotes &amp; mood. I don’t care to see those, although others do. So many more I could …
A1#53903	3	…ll worth it. However, I have some suggestions because this app could use some polish. First, when you add a note to a habit to appear under the habit name, the text is always white. Because of this, its either barely visible or invisible because the colors of uncompleted tasks are too light. Furthermore, the color of the text for the habit name is always black. So when you complete a task and the color darkens, it becomes much less visible. What this means is that your “Today” page will often look like a mess. Some text stands out, some is invisible, and it all looks frankly unpolished and ugl…
A1#54014	1	Too difficult to see, gray color is too light and font is too small. Awful. || App is too difficult to read and use. Font is too light and too small.
A1#54221	2	Very small text hard to read || I just downloaded the app, and the color of text is so tiny and so faint that I can barely read it. I will continue with configuring, but I can’t imagine looking at this every day without struggling to see what I’m reading. so far, I don’t see a way to enlarge the text to accommodate my poor vision.
A1#55065	5	Love this app! || Favorite habit tracker hands down. I love the simple design, customizable colors, and the choice between dark and light mode for the widget. One thing I would recommend is being able to save a filter view so that every time you open the app you can see all habits filtered under the last used filter/specified filter. Currently, although you can filter habits by category, it defaults to showing all habits which IMO defeats the purpose if I have to go back and reapply the filter when looking at habits in daily, monthly or weekly views.
A1#55665	5	Elegant yet robust habit tracking || VERY CUSTOMIZABLE What I was looking for was a habit tracking app that was simple to use, but let me customize colors and sounds. (If I get into a slump, changing up the colors and sounds helps me shake out of it.) This app does EXACTLY that. You choose literally any color, with both presets and custom color picker. Your reminder notification sound can be one of the built-ins, or you can record or upload a custom sound. FREE VS. PAID As is the case with most habit trackers, the app limits the number of habits you can track in the free version. A one time pa…
A1#55950	2	Useful but buggy || The basic functionality is good, but it’s full of minor bugs and flaws that make it annoying to use. Everything from navigation flaws that give you to restart the app if you hit the wrong button to poor color choices that make it hard to see which tasks have been completed in the widget. Overall, it’s useful enough that I still use it but the bugs make it a chore to use more than something enjoyable.
A13#11547	5	…e. It might just be me but the dark mode gives the app a gloomy feel not exciting like a brighter fresh option. The dark mode is nice though I’d prefer to have an option to choose between using them dark or light. Maybe even a neutral toned or mixed color mode for a casual feel. Just wanted to give you some feedback. Apart from that I like it a lot.…
A13#12787	4	Good but can improve! || Sometimes I want to track something other than pages or duration. Adding more options for goals would help immensely. I would also prefer a lighter color other than black, it seems like my eyes have to strain more to look at it (probably because it reflects surrounding light more than a white screen would). Otherwise, it’s a great idea for an app. I like it so much that I’d also love more habits with the free option.
A13#15144	5	Really great app! || It’s an amazing app that helps you track all the goals you want to hit every day. The best part for me was customizing the tasks, so choosing how much time each task needs and how many times a day it must be completed. It also gives you icons to categorize each task!! I thought that was so neat. The only problem was that I wish I could change the background to white, it would have given a bigger contrast for the task colors. But other than that it was amazing!
A13#15555	4	…y household chores on a consistent weekly basis and create a productive habit.That alone is a great value. The only thing that I would like to see improved in this app ,is that it would be nice if I have the option to change the background wallpaper colors instead of just color black. Just to be honest, I would like to use it more often but because i do not like The darkness behind the black background color i see all the time when I open the app, to me it’s kind of blah and dull...so I only use it once in a while otherwise I would use it more.Even though there are some colors on the to do lis…
A13#19512	3	Really Good- Just one thing || A really great app. Just one thing I would like changed and then it will be a 5 star. I would like the option to not totally grey out the text when a habit it marked off. Maybe a lighter color. I like to review my goals and greying them out makes them seem like the don&#39;t matter. Also, they stick in my head better as a color.
A18#23	5	Love this as part of my routine || Please developers change the colour coding for the various habits and habit colour coded days, make them pop more or a deeper shade. The colours are too dull/light. I can literally code this for you hire me, also an option to integrate w Apple Music or Spotify while going through your checklists in the timer mode , or even smart timer mode where it suggests options or smart feedback based on the habits you’re doing Love this app and I feel like I could use a richer feature set, :)
A20#3111	4	…ch, and then I tried to figure out why as I’m always curious why my brain wants or doesn’t want to do something. I feel like the reason is that the widget is hard to see: low contrast text on blurry background. It’s mostly those circles of different colors but the text that is barely visible for me, it doesn’t “read into brain” right away. So my brain is not tricked to click “done” on those circles as it takes a while to figure what exact circle i need (my vision is fine, but I do have ADHD). So it feels like I loose more dopamine for finding the right circle than getting a dopamine for hittin…
A20#3401	2	…nd took away my access to the premium features. I really enjoyed this app but I refuse to put more money into it. It’s NOT worth $39.99 a year. It gets the job done, don’t get me wrong. But it doesn’t offer anything more than changing the background color from light to dark, detailed reminders, and unlimited habits. Even on the premium, I only had 6 habits... and still have that without the premium feature.…
A23#548	1	Could be better || It’s simple to use but not worth the money spent. On the day of or week of you can see a brighter colored circle for streaks which is great to see progress but then all the circles become a faded color so if you want to review the last few months all the days are a faded color including the missed days. So you cannot see a visual progress over the months highlighting your streak. It’s annoying and useless.
A23#4200	4	Good but give me better options || Please give me better color options or let me customize my backgrounds and icon colors. I bought this app years ago and it’s so useful but the colorways offered are so offputting. I’m just a girl who wants my streak pages to have inviting light colors. And also maybe let me add notes under my tasks since i only get 28 char for my titles
A23#5358	3	…areas. The first issue being that the interface is really not intuitive at all. Trying to figure out how to delete or edit a task shouldn’t take ten minutes trying to figure it out. The second thing that the app should offer is a larger selection of colors for the interface. All of the colors available are either blindly bright or just plain dull ( having full control of the palette would be optimal ). Lastly, the selection of icons for tasks is fairly weak. There needs to be more available or at least some fairly obvious generic ones. The devs of this app must not go to grocery stores because…
A23#5859	4	…. Streaks has default tasks you can pick from and a custom option so you can make your own task. You can also set it up for a specific task to be done more than once a day which is good for certain things like walking the dog. And you can change the color of the app but I wish there were more options. The current colors are a bit dull. Anyway, Streaks as a whole is very simple and easy to use. The fact that it has a widget option and is available for the AppleWatch is a plus as well! Overall, it was worth the money. Although, perhaps it should be a little less expensive since the app is pretty…
A24#24855	2	… you do decide on the trial, you need to go to the website to cancel. Except they don’t tell you this til you contact support and they charge you to cancel. Second, there is so much going on in this app, but not much of it is helpful. Lots of bright colors and whimsical fantasy characters and repeated quotes make it hard to tell what you are checking off as completed. It did get me to drink water in the morning, but other than that I found it more annoying than helpful. Third, they have a plethora of “self-improvement” apps, and it seems like the main goal of each one is to market all the othe…
A24#27407	1	Cheesy design and cheeky subscription model || First of all it is the same scammy subscription model that hopes you forget to cancel. The UI is way too busy with all colors and shades of the rainbow and unnecessary animations and cheap looking art. As for the content, some are ok and some are uncalled for and condensing, and there are no options to opt out of them. If you just want a cleanly designed app to build habits you want to build, instead of some cheesy reminder to locate your stomach and feel it, don’t get this. And also don’t forget to unsubscribe after the free trial.
A24#28519	3	Has the potential to be a good tool for all || First; I am a person of color, and the depictions throughout the app don’t reflect a person such as myself. So it leaves me feeling that apps creators truly didn’t have inclusivity in mind. This creates a point of contention within a person like me. And for what the app is intended to do, it shouldn’t be the case. Rather; quite the opposite. Second; the color schemes and lack of personalization doesn’t help either. For me, the colors coupled with the light background forces me to focus a whole lot more. This is because none of the various headings…
A24#35643	5	The journey has just begun || This is such a great app. Love the soothing voices and the abstract colors. Coming from a dark place in my life this app has brought me so much light
A25#1052	2	No colors || The colors don’t appear as vibrant as promoted. They are washed out. Orange looks brown and blue looks almost transparent. Red appears a light pink. Disappointing UI experience.
A25#1073	3	Light Icon Gone || I enjoyed the previous version because it gave me the option to customize the color of my icon. I’m not sure why the developers took that setting away. Otherwise, Grit has a nice interface and good usability. Works well, although it can be difficult to find emojis for certain icons for my habits. But all in all, as a premium user, I’d like for my option to customize my home icon color to light back. I think it would also be nice if Grit integrated an Apple Watch notification feature. As a premium user, this would be ideal.
A26#3434	3	Why low contrast? || I like the design of this app and wanted to subscribe except for one problem. There is very low contrast between the font and the background on the habit tracking screen. I tried multiple colors and themes and they are all low contrast. Not accessible for anyone who needs high contrast. I can see it but it makes my brain work harder than it should. UPDATE: I was able to correct this problem after receiving feedback from the developer. I had to make sure that I had selected days that my activity was activated. After I did this, the contrast was normal.
A3#1453	5	Textsize of Goals... || The app font size of each individual goal&#39;s title should be smaller overall, or there should be a single-line title with a multi-line description underneath. Currently, the goals appear visually misaligned when some have single-line titles and others have two-line titles. The counter numbers inside each goal&#39;s colored box should be visually highlighted with shading, or automatically displayed darker on very light colors to improve readability.
A3#2251	5	It’s cute on the home page || I like it, it shows me how long since I quit vaping, it’s a good little reminder. 714 days now. Easy to use. You can reset counters and customise them for the homescreen. I would like more colours (light pink specifically). But I can live without it, the dark pink is pretty too.
A3#3506	5	Elegant. To the point! || This is the exact app I was looking for. There’s nothing over the top, nothing extra, nothing held back. The developers did a perfect job. The colours of the tiles are in pleasant shades. And the widget was also given good thought. If only all apps could have this simplicity in design and aesthetic. Keep it up!👍🏼
A3#3989	5	Good and very useful 😚 || This app is really good although it is free, the counter for this app is also quite cool, u can set whether u want it to be years days or months I find that really interesting and plus you can set what colour u want the marking of the counter to be and there is also light and dark mode which means you can set the counter to white or black colour. This app also lets you turn counters into widgets, it can be a good decoration and u can see the dates immediately without opening the app
A3#6199	5	simple and great || i started off using this app as a way to go no-contact with a manipulative ex. but i&#39;ve started using it for other things too. (are my work boots gonna make it a year? how. old are my dreadlocks now? etc etc) it&#39;s simple to use, there are cool color palettes to choose from, and the widget makes your counter instantly visible without having to open any apps or do anything extra on your phone. there&#39;s no unnecessary fluff. i love this app. pleas e dont change!
A3#8630	5	… I’d like a neutral log. Other features I’m looking for include time tracking down to the second (which this app has), notes attached to entries, and statistics/charting ability. Days Since is beautiful. I love the calendar view, it’s not buggy, the colors are enough to keep it from looking dull without being overpowering, there are options for Face ID and importing/exporting options. The only problem is that it’s not what I need, as what I’m tracking isn’t sobriety or bad habits. I understand that the developer wasn’t designing this app for me or to be used for my purposes (hence the enthusia…
A3#9662	4	Great app so far || It’s hard to find an app as straightforward as this one. So many apps have a lot of stuff in them that I get so overwhelmed. Even though I like this app and want to give this a five star rating, I don’t like how the color options for my counters are too bright. I would like you to add more shades of colors, otherwise this app will be perfect.
A31#90	5	i want to see the colours || the fact u can’t see the colour of the tasks in the rearranging bar is lowkey super annoying. also not a major concern but i hate how u can’t have a custom order of task anymore and they automatically go. into daily weekly or monthly. changing that to be an optional sorting choice would be great.
A31#969	5	The app is great, BUT || The new design has multiple flaws. Firstly, one can’t easily switch back and forth between days anymore. Secondly, for habits that you are trying to break, if you want to stay at zero per day, then you can’t see the colour process anymore. I hope this makes sense, and I hope it gets fixed soon. I think there was a design change a couple months back and similar problems arose. The design was changed back to its original. However, I really like the new design, but there are just some usability issues with it.
A31#1824	3	Dark mode || The app is simple and easy to use. Only cons is the dark mode color is very poor. Its grayish shade really should be replaced with a full black background.
A31#3330	1	Fix your app! || Fix your app!!! Literally there is only one shade of each color but somehow none of the colors match up when you check them It’s super annoying that any time I make any change to a tasks you change the order of all my tasks! Just leave it how I had it I don’t like how the theme is just dark or day mode. That really isn’t much of an option selection. Also I really don’t like how undone tasks are just grey. I wish we could change that color of the undone tasks. For a paid app you think you could change stuff like this.
A31#4491	2	Has potential, but misleading and buggy || False advertising. In the App Store this app shows a screenshot of a Home Screen widget, but it’s not actually available. Buggy and erratic. The ‘delete entry’ function doesn’t work. The ‘contact us’ form is buggy and erratic. Color coding is confusing. Habits change colors from white to grey to black, and other shades of a custom color. What this color changing means and how it relates to your progress is not intuitive.
A33#3039	5	One of The Best || I love this one, I am so close purchase it, however it needs more color options, design is sleek but lack of colours makes it dull looking app.. like different color options for background, text color, each habit, etc..
A33#3411	5	…n a screen. I’ve seen a trend where some apps show an entire week at once, please don’t do this! I went for the one-time purchase and am very happy. My only problem is that the text is a little too low contrast, I’d prefer using the default iOS text color options. Also, I hope the icon gets redesigned, but that’s minor. Neither are enough to stop it from being 5 stars. Edit: since my review they redesigned the icon and improved the contrast of text. Very nice! I love how this app feels like a unique app that still feels like it belongs on iOS, instead of doing all sorts of non-iOS things like …
A34#628	5	Life Changing || This app has changed my life drastically. For some reason, having the number of days I have done something displayed so prominently, being able to look at the calendar view, even being able to change the colors of my individual habits . . . it’s a recipe for success! Can’t tell you the cumulative positive effects this app has brought to my life and the lives of those around me. Thank you so much!
A4#3559	4	iOS 26 || La app necesita actualizarse para dispositivos de Apple porque con la nueva opción de personalización de iconos, cuando decides poner las apps transparentes el widget deja de funcionar y se coloca todo de color blanco ténganlo en cuenta por favor. De resto muy buena app me ha servido para organizarme. 💜
A4#17833	5	Easy and fun || Since I got this app I have felt more productive!!! and I love all the fun colors it’s colorful but not to colorful that it gives you a head ache. (Colors are light pastels) It’s a great app, you should get it! 🫶
A41#134	5	Fast, Easy, Fun || It’s a great app with a great widget to help you visualize your progress throughout the day. The ability to change between dark/light mode, and choose your icons and their colours, makes it personal and cute. The colour of the progress bar is also a nice little boost, as the more progress you make, the prettier the app gets. It’s aesthetically-pleasing while being intuitive, simple, and effective. The little sounds the app makes when you’ve completed a habit-or even failed to break one-are also a nice touch. It feels encouraging to use this app, even when I haven’t made grea…
A46#158	3	Suggestion || I would keep this app if instead of the color streak started from the beginning after a missing day it just gotten a bit lighter, going a step back. The total reset of the color makes it look like all the progress was lost.
A46#485	5	Recommended, just missing some customization || I appretiate just about everything about the app (and finally started using half completions for two step habits) but would appreciate custom color for skip days, as the halfs are now used to denote habits too, set your own weekend days, limit to how dark colours get since it gets hard to see after a while (I go back and break streaks to keep the colours recognizable)
A46#492	4	Good,but room for improvement || I generally like the app and use it for many habits. What I don&#39;t like so much is the colour shading. When a habit is consistently positive, the original colours unfortunately change to too dark values. Yellow disappears completely and turns red. Red turns brown. Green turns olive. This detracts from the joy of achievement because the colours are no longer cheerful. This makes the positive seem rather dull. What a pity.
A46#898	5	motivating || I like to see the progress I make and how the colors get deeper as I go.
A46#936	5	Best habit tracker app on the appstore || After looking for so many years , i have finally found the best habit tracker app. The heatmap style colors for habit which progresses becomes darker is really aesthetic and pretty to look at. The reminder mechanism is also really neat. Kudos to the devs
A46#947	5	Love the app. Part of my daily ritual || This app was exactly what I needed to hold myself accountable for my habits. It has a clean interface without much distractions and gets the job done. It also has a neat home screen widget. The only thing I would want an improvement in is the range of colours available. Having more shades or a maybe a pastel shade palette would be much appreciated.
A46#1327	4	How do I change colour shade/ habit strength? || How do I change the shade/ strength of the colour for a habit? There’s a count scale from 0-10 but it doesn’t seem to affect the shade of the colour. Say my habit was to do cardio and I want to rate it as 5/10 effort and for the colour to appear somewhat muted to reflect that - how do I do this? Thanks in advance for the help!
A46#1330	5	Enjoying the app || It is an aesthetically pleasing tracker, which also comes with widgets on free version of the app, which is surprising in this time. I also like how the colours change tint / contrast in scenarios.
A46#1495	5	very good || i like a lot. app has wonderful ease of use. i like the color options especially. it satisfying to see the streak you can create and the color grows deeper. very nice indeed.
A46#1585	5	Enjoying Everyday || I have been habit tracking on paper for a while - and then the cards I was using stopped being made. I liked Streaks but it felt a little clunky. I downloaded Everyday and I am stuck in now on it. I have 17 habits and I love the way the colors get darker. I also like the option to skip a habit - which I have been using during the holidays as there are habits I am taking a break from while I am on holiday.
A46#1697	1	…o rationale for the price. Major subscription apps have licensing fees, data accessing fees, etc, but this app does have have any of those. Clearly a greedy money grab. I’m all for supporting developers, but it has to make sense. Also, the fact that colors get darker is okay until you have long streaks, at which point it’s just a dark board. Visually unappealing. Edit: developer takes any criticism with such a nasty attitude and tries so hard to deflect it! Just read the replies to any negative review, and you can see what kind of person is behind the app. No I am not continuing to use the app…
A46#2062	5	This App Has Changed My Life || I would pay for the premium but the features are... less than worth it? Other than that, this app is revolutionary. Best system I’ve ever used. It’s simple interface and surprisingly motivating color system (each day you log in, the colors get darker) makes for an interesting, positive experience.
A48#1043	2	Colourblind || Could you change the shades of red and green that you use on the calendar pages? I’m colourblind (red and green), and can’t see the difference at all, bad choice of shades. It’s the most common colour-blind problem, so will be a problem for approaching 10% of your users. Thank you.
A5#3004	2	…lly, if I bought the yearly subscription, I would get a code that would cover a subscription for an additional year--2 years total. I almost bought this in a heartbeat, but I am glad that I waited. In very small fine print (that is a light gray text color against a white background, so barely visible) it states that the code cannot be used for yourself, but must be given to someone else so that you can &#34;gift&#34; Routinery to a loved one. Personally, I find this very sneaky and deceiving. Every time I decide that I would like to subscribe to the app--because it actually has helped me a lot…
A53#1321	1	No response from Support || The widgets stopped working and has never been able to be with a color themed home screen, only dark and light. If I try to use a color, the entire widget turns white, and the same thing is happening by with the new Liquid Glass home screen. The check marks on the widget are also no longer intractable since iOS 26.
A53#1332	5	Love it || I’ve used this app for years! Love it. Could we get widgets to display correctly with tinted icons in iOS 18? For now, they look white and I can’t see the text. Also, could we get the small widgets to display more habits? Thank you for creating a beautiful app! Edit: could you make support for the widget to include color tinting from iOS 18?
A58#12	5	Suggestions || Themes options for more stuff like book rating weather rating day rating emotions like anxious nervous mad sad stuff like that with cute colours like green sage colour light blue pink and themes like space cherry blossom ocean with different shades colours and options for disigns and you could mismatch with cool details and nice options like cherry blossom theme can have pestles for what your grateful for and space can have planets for things that went good and bad for ocean theme there could be waves that has speech bubbles shaped as bubbles for the wave of emotions that came o…
A59#238	5	Amazing app || What a practical and easy friendly app!! What would make it even more amazing is if you could customise your theme a bit more other than dark or light. For example the ‘importance feature with the ! marks’ has this weird brownish colour that looks a bit odd. It would be cool to choose a colour you want. Other than that very happy with it.
A59#12243	5	Color of tasks || Can you make the color of tasks more visible then a thin line around a check-square? All my categories are merging in my eyes
A67#583	1	… give Habio a go and signed up for a 3-day for €5.49. €5.49 seemed like a reasonable amount to see if the app could fulfil on the promises made in the advertising and offer. However, after the trial offer was accepted, a screen with a large brightly coloured button saying ‘Get my PDF workbook’ appears. As someone with ADHD, I made the mistake of impulsively clicking on the button without stopping to read the surrounding text. I immediately realised my mistake when I was taken to a screen that told me I had been charged an extra $29.99 for the ebook. Because my intention was only to go for the …
A68#3027	4	Easy to track habits and organize a routine || The app has a very intuitive interface, though it could benefit from lighter colours and sharper design. The initial set up can be a little long if you don&#39;t want to spend too long in your first time on the app, but overall the experience is good and the app is very useful if you really want to make some changes in your life.
A7#352	5	Great app but suggestion || Really nice and the monthly charge of £1.99 to see if I like it really isn’t that bad. You don’t even need to pay - I want to because I had quite the list. A suggestion I think would go a long way is when setting the theme to dark mode, pleasee can the brightness/contrast for the colours of the habits be changed to appear more visible. This can be done as seen as the colours used on the settings menu.
A7#685	4	Absolutely Love! || I love this app for tracking my habits! I’ve tried other apps and none of them were as good as this one. I like that I can choose a dark background and because of all the bright colors, it looks beautiful. I have the PRO version and o definitely think it’s worth the money; and it’s not expensive at all. I can track as many habits as I want to, and I can archive them when I want to stop tracking them (but it doesn’t delete them so I can “unarchive”them if I want to start tracking that habit again. I would like to suggest a couple of things that I think could make it better…f…
A7#717	4	…! I have the pro version and as much as I enjoy it, I do not feel that the pro version should cost as much as it does. The app does not have enough features to justify the $13 pro. $5 or $10 would be more acceptable. Also, there is a fixed amount of colors that you can make your habits that you’re tracking, and of the 21 available colors, 4 of them are just different shades of grey. I really wish there was access to a color wheel or something so you can select more colors. The blues and greens that are available are way too similar. I, and I’m sure many others, need a lot of visual variety whe…
A76#282	5	Excellent || This is exactly what I need - great user interface, good colour contrast, easy keep track Suggestion - have a choice of choosing regularity e.g weekly, every 2days, 3 days or odd number days, like 7 days
A76#2259	5	Very easy to use || Very easy to use and simple green &amp; red Makes is very visually aware. Improvement suggestions. Either use different shades of colors Of say: green so one can choose deeper Colors for best performance. So example NO DAIRY a bit of milk in Coffee would qualify for a lighter green But NO dairy would get deep green. Or you can simply use 1..10 and if one wished they can mark each card.
A76#3529	4	A great app to track your habits! || Simple design, great features. All in all, just the right tool to build(or break) good/bad habits. Graphs shows your progress. Quantifies them so it produces meaningful information. Great color and contrast makes it easy on the eyes and looks great on iOS! The new streak feature is awesome! Bring a sense of achieving something! Why it&#39;s not 5 stars? No Apple Watch app. Hopefully there will be an Apple Watch app to make logging easier. It&#39;s a no brainer for an app like this. No iCloud support to sync between devices.
A76#3704	1	…one. way way too much maintenance. felt like an accountant. rather simpler, for me, to put your Programme in, then 1 tap to say done that day. 5 no ability to specify by visual que the activity you did (eg easy run, hill run, long run) (by change in colour shade for day - very light blue, light blue, mid blue 6 no nice ritual layout view (by rows) as in ritual app…
A8#377	5	🌻 || Positive: I can add as many habits as I want. Could improve: when I am done with a habit, the color could fade, or the task could go to the back so I know I am done with it for the day. Another thing is that the habit counter could count how many times I do a habit a day, not just either I did it or not. Some more encouraging messages could brighten it and also I think a more organized monthly tracker which shows every habit in one review would be a great upgrade! Thank you for the app, and the other features of it too! Also I have to mention every other habit tracker I tried only allowed…
A85#1436	4	Love it, just wish to see some color changes || Hey, I absolutely love this app. There are so many ways to customize and specify daily tasks, habits, tasks etc. I just wish that the dailies would turn into a bright color after completing them instead of a dull dark color. I would love to see that change. Either way, I’m already enjoying the app a lot and enjoying the benefits that it has on my ability to, well, manage my life basically.
A85#2011	2	Cute but missing a lot || Great idea but the app is missing a lot of features. It’s too basic. The tags mean nothing and there’s no way to see any real progress outside of your characters level. Habits, to-do list and daily’s are all the same just in different tabs. It would be nice to see how much progress you’ve completed for each tag. Tags should be represented with a color or icon in each section. The 8bit art is cute but hard to see due to the size of the avatar.
P1#90	5	 || This app is simple and straight to the point. The best habit app that I have ever downloaded. It has no ads or features behind a paywall, to which I was very pleasantly surprised. My only criticism is that I wish there were more options for customization such as dark/light mode and more options for colours. Other than that I highly recommend!
P10#6621	4	 || This app looks like it has everything I need! Enough of customization options, nice and clear interface and affordable price for premium. The only thing I don't really like is the darker color (close to dark theme), so it would be great if there was an option to have it all in light color. Thanks!
P12#10631	1	 || Extremely difficult to cancel and misleading on its subscriptions. I've had this app for two weeks and have already been charged $14 + $55 + 71. How to cancel? You can't do it in the app. You have to do it on the Fabulous website on a browser, which the app won't even link you to. And then, once you're there, there is no "Cancel subscription" button. You have to click "Change plan," then find the light-coloured "Cancel" text. Exploiting people with mental health issues is so lucrative!
P12#24189	1	 || So many error, after write my profile the screen went black, and i have restart the app. After restart the app i have to answer some questions, but your background didn't show up, and the text use white color so i can't read the questions..
P12#36482	5	 || I dot know what happens in the end but the beginning is really impressive, the art the shades the color the theme the words used in this application are tremendous and I am very delighted to use it. Great work really to be appreciated.
P125#5363	3	 || Just downloaded and will update my review in time. Initial thought, I would recommend darker or less pastel color combinations on the main interface as it is difficult to see light pastel text on light pastel background for color blind or visually impaired individuals. I was able to solve the issue by turning on dark mode but would prefer a darker, non pastel color combo with contrasting color text. This is not an aesthetic criticism. It would be helpful for those visually impaired i feel.
P125#5822	3	 || You need to work on the default background color and text color. It's so hard to read unless you change the theme through coins.
P125#8308	4	 || Bad color contrast. Please improve font and color combination.
P125#8363	4	 || I love the concept and experience of this app. My only feedback is about the UI. I would highly consider making color palettes that are more contrasting with the text to make it more accessible to a wider audience with visual impairments. I'm glad to see there is dark mode, but is unfortunate if there's not a free color setting that is legible against the white text. Otherwise, loving this app, just started on my first challenges, I can't wait to see how they go!
P125#9343	2	 || Really? Bad low contrast default user interface. Trying to charge for some readable color scheme? I think not. Uninstalling this garbage.
P125#16692	4	 || I'm excited to try this! It looks really cute. Just wanted to leave this comment for the developers as I begin because it is really bothering me as a UI person: please please check your color contrast. That white on light salmon/orange definitely doesn't pass accessibility. I'm glad y'all have dark mode included tho! Wahoo!
P130#208	4	 || Please add red blue or more shade variation for color blind people
P133#54	5	 || Respawn is just what I'm looking for in place of Routineflow. It's a bit bummer there's a subscription, but something has to pay the bills, I understand. Font choice is a bit odd, hard to read. I like the neon colors though. I wish you put more effort in app especially to the UI. I recommend fonts Roboto and Alliance No 1.
P19#430	4	 || Absolutely love it. I just wanted a simple habit tracker, that I don't spend half my time fiddling with and that gives a good overall view of my progress. This does all those things. That said nothing is perfect and 3 additions I would love to see are 1. A pomo timer 2. A colour picker for UI elements and 3. Opacity for the widget. Please and thank you. But, mostly thank you!
P2#5935	5	 || Ok, I brought the premium version but free was also good. 📍It misses more colours, icons and layouts, should be more adjustable, catégories could light up whole blocks in light color 📍daily habits should be separated from tasks, you should be able to easily see just your daily routine (without tracking it) Edit: I found the other options, only leaving 2 I'm missing, overall great job on the app 👌🏻👌🏻
P2#7625	4	 || Good app but please add an option of high contrast for colour-blind people, it's not easy to distinguish between completed and uncompleted tasks (green and red)
P2#11341	4	 || I love this app. It's simple and useful. But the problem is, when I'm looking at a calendar of a particular habit. As someone with partial color blind, I can't see which day is when I succeed or failed. Because the colors indicator are look the same to me.
P20#53	2	 || I wish there was a function to set the text color among the widget functions. I want to set the widget background to transparent, but the text color is fixed to black, so I can't recognize anything. It would be nice to let the user designate the text color of the widget, not automatic setting.
P22#322	3	 || in light mode the status bar color should be white like the background instead its grey and that makes it ugly and forces me to.use dark mode + it will be better if you add more themes edit: please also add subtasks + importance per habit
P24#5262	5	 || Liked the color coded style of tracking. Green for good/success. Light red for bad/failure. What I'll love it's an hour by hour option for each day and then an option to view weekly/monthly with each marked/checked hours of each day showing in the week/month view. A long chain of greens all through. Big mental incentive to keep going on. Solid job. Keep it up!
P24#13773	3	 || While it's a decent app, that does what it's supposed to do, it's still lacking. 1) Be able to edit a start AND end date. What if I'm adding habits/goals in advance and I want to start tracking on a specific day? 2) Lack of customization for both in app and widget. e.g. colors, fonts (size & type), transparency (widget), etc. 3) The widget is bulky looking and just plain ugly. ETA: An otion to track habits with a durations/amounts multiple times a day. e.g. Meditate 2x daily for 20 minutes.
P24#14403	5	 || More colour choices and darker themes...
P24#19971	5	 || Great app, very comfortable for tracking habits. It could be great if when you set a goal in a habit it would also appear on the calendar in some other color or label, this way its visible when your getting closer to it.
P24#21495	4	 || The only thing that I need is ability to change transparency of widgets (customising colors of text and background).
P3#2603	4	 || Fantastic app! My wishlist for additional features or improvements would include more colour options, full transparency effects, and further customisation for the widgets I'd really love to be able to have a single widget with multiple habits inside, so everythings spaced out evenly regardless of home screen tile sizes and number of habits. Some other font options would be nice too, along with options to change how completed/incomplete habits look in those widgets
P3#2816	5	 || As a pure habit-tracker w/o bells & whistles (no pomo, etc.), this app just can’t be beat. Simple, clean, & intuitive from jump. Habits can be Y/N or measurable (by any metric you want), and per day/week/month. You can customize & group by color, allow yourself skip days, set widget opacity, and my favorite: make “days” end at 03:00, not midnight. The *only* shortcoming: frequency for *measurable* habits is only day/week/month — so no “Run every MO WE FR” habit w/ distance run as the entry.
P3#3084	5	 || A simple to use app. The appearance of the app is good - very clean looking and neither too cluttered nor too spartan. The app has customizable features for appearance - light mode, and the default light mode. Habits can be colour coded which I find useful.
P3#3304	5	 || Exactly what I was looking for, it was a relief to find after downloading so many apps that wanted subscription fees. The widgets are very satisfying and useful and I like the reminder notification. If I could ask for any improvement, it would be nice if on measurable habits the opacity of the color chosen would change to reflect the number entered compared to your goal number :)
P3#4470	4	 || Love the app but the widgets colour scheme doesn't matches with the in app colour scheme and when I choose amoled dark, it only darkens the app not the widgets. I would love to see these things fixed. Thanks.
P3#4721	3	 || There really ought to be a hexcolor map instead of a limited selection, especially when the colors in dark theme are so bland. Light theme is overly bright, ought to be a brightness slider instead of s binary light/dark option. Great habbit tracker otherwise. Tried a few others, this one is by far the simplest, cleanest and with all the essentials.
P3#4895	5	 || This is a very thoughtfully designed app for tracking habits. Every update has only been a positive so far for me. My only wish for it is an aesthetic one: it'd be nice to be able to customize the home screen beyond just light and dark mode. Different colors, fonts, and font sizes could be nice. Being able to add our own images as "wallpaper" could be fun too.
P3#6086	2	 || Widget colour stays in an ugly dark greyxolour. Tried to change widget opacity from the app but it won't work. Why dont you allow it to have colours? Different colours for different tasks even in the widget. I actually believe a better widget would be to have the streaks to be seen on it just the way the app shows. Will be a constant reminder even when we don't open the app.
P3#6703	4	 || So far great, only thing as of right now there needs to be more color options. There's only 5 colors and you get 4 shades of each so then your colored categories are too close and look the same.
P3#6995	5	 || Excellent app. I recommend you to change the widget color to a darker black
P3#7261	4	 || This app is easy to use, I like that you can choose different colors for different tasks, the widgets are great and you can change their transparency as they display over your background. Countless other great features. But, since I'm a bit OCD, I would love a setting that removes the little loop circles from filling up as you complete more of the same task, because some tasks are daily, so it isn't necessary for there to be a bar to fill. The habit is supposed to be infinite. Thanks!
P3#7828	5	 || The scrolling for dates can be a bit ..smooth(??) Maybe put a button on the left side of dates 🤔 . in the history widget even the ones marked cross appear colored..if this is some method to show that a habit wasn't done although it was to occur then pls add a red circle along the dates instead of faded color . Also is there a repeat monthly or quarterly option ?? Can u add a widget which allows checking off multiple habits even from a lockscreen ?
P3#8603	5	 || Best app ever.🔥🔥🔥🔥 Simple to use and easy to understand. Widgets feature is the best👍 In Dark Mode few Colours of habits become dull , it would be great if they are made to look more vibrant.
P3#8773	4	 || 1. Built-in timer or some kind of number entry for habits would be great. (time, pages, repetition etc.) 2. Color palette has a bad contrast.
P3#9204	5	 || it's amazing amazing amazing, the only thing that keeps me sane, and looks fancy with so many color palettes, I use them to color the most important ones a certain shade, I love the graph, its frequency table, everything, its perfect!!
P3#9455	4	 || Good basic functionality. To take this app to the next level, I'd like to see a widget included with a graph which shows general productivity across all habits. Also, the habit "quick toggle" button widgets should remain coloured even after the day has passed, but start to fade (back to transparent/black) based on the frequency at which the habit must be performed.
P3#10000	5	 || i love this app!! a friend recommended it to me when they started and it's helped us both really stick to our goals. it's so satisfying to see all those checkmarks at the end of the day. i think my ONLY complaint would be that the widget colors stay in the regular shades, even when you have the app set to night mode. i'd love to have those pastel shades for my homescreen, since i use the widgets a lot. otherwise, five stars!!
P3#10836	5	 || When I choose white or grey colour of habbit, main line is black on the widget and invisible on black background. Everything else is perfect.
P3#12501	4	 || The app is good. but can someone tell me if I should do the activity with the light coloured cross ,or the tick mark.
P3#14087	4	 || It's pretty good but best if you limit the amount of widgets you use. One request for the developer: Please change the widgets so that the next day completed tasks don't immediately go back to grey, have them slowly fade in colour until they're actually due to be done again (relevant to how many days that may be) That would be super useful to track when I should do it again.
P3#15639	5	 || There should b an option that allows a variation within the same habit for example studying ..Id like to know how many hours I did it every day its checked...or like a slight variation of color to let me know that that day, even tho I studied like most days, the "darker red color" means I studied more than 5 hours and the "lighter red" less...just an idea...*_*
P3#15849	5	 || Awesome app! Really has helped me so much. 1 suggestion: please add light coloured widgets. There is only a dark option right now. Thank you for an amazing product!!
P3#16150	5	 || The app is really awesome, has a beautiful design, many features and I can truly recommend to anyone I know. I used many habit tracker apps so I just have a few suggestions of little features to the badass who develop this app : 1. An extra option/buttons to select a custom color for the habit, 2. A little less transparency in the "check in" widget. Sometimes it's really hard to read what's written in the widget and 3. Option to select which days of the week the habit will be done. All the rest is OK.
P3#16179	5	 || In AMOLED night mode, unchecked days (Xs) are such a similar color to the background that they become invisible except under the highest brightness setting. I would prefer these to be a lighter gray.
P3#17378	4	 || Me encanta esta aplicación y la recomiendo a mis socios y amigos. Pero hay algo que me molesta y deseo que el desarrollador tome en cuenta. Las estadísticas son geniales, pero agreguen a la próxima actualización una pestaña en dónde se visualicen todos los hábitos a la vez, para notar con mayor transparencia las diferencias de rendimiento en cada hábito marcado por su color (p ej. estoy flojo en hábito #1 en comparación con el hábito #8). Muchas gracias ✨
P3#19278	5	 || awesome app for pill tracking, clocking in/out reminders, and ofc creating new habits. only wish is if we could select custom color instead of the light color palette
P3#20513	5	 || [PL] Pełnowartościowa, a zarazem darmowa aplikacja. Możliwość dawania kolorów pod konkretne cele, ustawianie pomocnych powiadomień, przejrzystość i funkcjonalność to jej główne atuty. Bardzo pomocna w dbaniu o nawyki! [ENG] A full-fledged yet free application. The possibility of giving colors for specific aims, setting notifications, transparency and functionality are its main advantages. Very helpful in taking care of habits!
P31#227	5	 || expensive, but it's the best so far aside from the price my only criticism is the available custom colors seem a bit faded and restricted. yes, that's nit picking but it shows how well this app works and it's functionality and design choices are top notch. in everything else it's doing what i want in a way that i strongly appreciate. the widget is super helpful in showing progress in 2 formats and is the feature that pushes me to this app instead of the runners up.
P31#538	4	 || Has some kinks, isn't perfect to use, but I've been looking for something like this for so long. In dark mode, only half of the colors appear when creating a new habit, so you have to make new habits in light mode.
P36#118	4	 || I really like the app and instantly purchased the premium version. Though, I noticed that I can't sync my data on my other devices, unless I export and restore everyday. Syncing across devices automatically would be nice. Also, I wish I could see my picture as a background in the widget as well instead of just black/white/transparent. More icons / different theme colors / different timer colors would be extra interesting!
P4#24045	2	 || It is quite aesthetic but from my point of view I almost lost my eyes because I can't read the word (they use light colour for everything )
P4#25549	3	 || Unreadable, the text is almost the same colour as the background and can't read anything!!! I'm not able to use the app like this, please fix it, because it seems useful!
P4#28766	1	 || I can't even start with this app because of a design flaw. I can't answer the questions because I can't see them. Both the background and the font are white or of the same color
P4#29008	1	 || Can't read or see anything. Accessibility issues I guess by using all low contrast colors. It's just blank white screen. Can't see any text, lables, or buttons
P4#30317	1	 || The background is white and the written words are also in white or other light colours.So they are not even visible clearly. That is so frustrating😤.
P4#67486	3	 || La letra no es legible por su color, tiene un color similar al fondo
P4#99064	3	 || The color scheme is too light, I can't ser anythimg.
P40#105	1	 || the app is in light theme only and the font is also in light colour which makes it impossible for me to read anything how am I suppose to use this app
P44#301	4	 || Simple, but good app with good amount of settings Just miss one thing: for 8€ please add some settings for the widgets, especially light theme or better custom colors and with transparency
P46#4	4	 || Really loving this app! It’s almost a 5-star experience for me, but it just needs a few quality-of-life feature additions: 1)Preset Color Palettes: While the color picker is great, having built-in preset colors would save time picking the perfect shade every time. 2)Customizable Icons: It would be awesome to have a selection of simple, designable icons with customizable color options. Add these features and it’s easily a 5-star review. Keep up the great work!
P49#2039	5	 || Great app: - Simple interface - No patronising & insistent 'motivational' quotes, rewards etc - can run without notifications. Can keep it quiet and track steps with a glance at the screen - no permissions needed - flexible. Don't need a certain start time. Can move back and forth through steps. -don't feel punished for skipping steps etc Could improve: - show total time needed for entire routine - colours don't show up well ie can't see clock well against green background
P49#2997	5	 || I love this app! It's practical, well-designed, reliable, and beautiful. The developer is dedicated and responsive. I've tried a lot of apps that promise to help with the struggles of ADHD—all of them pale in comparison to RoutineFlow. And I can make everything my favorite color?! Absolutely perfect. 🌟🌟🌟🌟🌟
P65#5020	4	 || I like the app, simple and no complicated details. But I hope the developer can add more colors to it, the dates should be highlighted more couz its hard to see the days where I should do my goal or not since the numbers are just gray and black
P69#306	5	 || Beautiful! Bought the full version. This app is EXACTLY what I was looking for. I am very design-oriented, and I LOVE it! Powerful but simple--not so much you get bogged down instead of getting on with your goals. Two small wishes: 1) an icon that reflects the utter coolness of the app itself. No offense intended, but it looks a little like clip art, and I almost skipped the app bc icons matter to me. 2) the ability to have a grey (or other lighter color) checkmark in the daily circle.
P70#36	5	 || Easy to use and motivating. I tried out several other habit tracking apps but I never found what I needed. The idea of colours getting darker / lighter, the tips on personal growth and the possibility to 'skip' a day and to enter data on past days is super nice. You can also specify which habits you will do on specific days of the week. Everything I need! I directly got the subscription, but I will probably just by the full version after it is over. Totally worth it in my opinion :)
P70#332	5	 || LOVE this app. Best habit tracker I've used! The color progression is certainly motivating and rewarding. I would like to request that my favorite color pink be added A true light pink darkening up to a hot pink!)
P70#477	5	 || Very simple and effective idea! I sold out to the owl so I've found Duolingo's streak reminders helpful for building that habit, and this employs the same idea. It's satisfying to watch the colors darken over time. I'm making sure I use it regularly before I pay for the full version, but if you struggle to build habits like I do and other habit apps aren't working, then just starting with three might be better than trying to overwhelm yourself with a litany of things anyway.
P70#784	5	 || I really love your app especially color darkening, UI and almost want to buy life time but there are some things which pushed me back, like I want to do some tasks only 2-3 times a week but not possible Also pls make free task limit to 5-7, let people use and benefit from it then they will be addicted to it and don't mind paying. Update: i really don't want you to make it free, being a dev i know we all need to sustain, I hope you can increase free limit a bit, that's it.
P70#809	4	 || I already love this, went ahead and subscribed after 2 hours. Worth 12 bucks a year to me. FIVE stars if you can get a widget up and running. The website offers a 30 day free trial, which I had initally signed up for, but doesnt work in the app. Ithink the option for that in app would be amazing and help others make an easier decision to subscribe. Even just a 7 day free trial with in app features would make a difference. Its a beautiful app! Cant wait to light it up with completed colors!
P75#22	5	 || I don't give reviews that easily but this is exactly what I was finding almost desperately and even tried to invent one myself Will pray for your growth as there are very few app devs that actually care .suggestion not demands)-make it 3D,colour combination is still bit dull in comparison of jar themes,add shake and see memory feture,statics. Edit4 eg-grat jar,Menfestation jar,swear jar 3D,Happiness jar,Gratitude jar(searched so you don't have to:)BTW can u make same concept garden theme app?.
P8#2374	4	 || Hi, I rate ur app 5 stars for two reason especially: we need a larger theme color choice. There is only 7 colors and to be honest, they're a bit dull and cold. Can we have a larger color range, with pastel colors like pastel blue, pastel pink, pastel purple, Light brown, cream and beige pleeeeeeease And also, it's impossible yo use the app without wifi, can u fix that please, Love u and ur app, have a Nice day
P8#6077	2	 || It was a great app until the latest update. The screencaps are deceptive: looks like the pets and mounts are larger, but on an s10+ they are so tiny you can't tell one colored blob from another. The sole reason I used Habitica has been ruined.
P8#6130	1	 || RACIST APP!!! Why the FFF don't you have my skin color?? So, I can be light blue and green but no caucasian? Oh right, nowadays we're supposed to be the villains of the world, isn't it!?
P8#6139	5	 || Best app I've used to help me stick with habits. They change colors, ranging from deep red to light blue, to show the how well you are doing with the habit. The support features and articles help you customize the app in many ways to fit your needs.
P8#7906	2	 || Honestly, it's kind of dull compared to the web version. You should add more colors, because the current interface is kind of bland. I cheat with the mobile version but stay focused on the web. Needs some more effort and work being done. The greatest thing about this is the parties, and I love that you can use accounts, but the android platform seems a bit inferior to the web version. Still like it , though. Has some opportunity. EDIT: horrible on Android. Trash. Absolutely trash. Great on web, incompetent on mobile.
P9#244	5	 || great app. Nice and simple. it would be great to have an option to select different colours within a habit, for example: I do cardio and strength, but I want both to be on the same habit "exercise", I want to be able to tap once for cardio, and tap twice for strength, with each a different colour or shade
P9#317	5	 || Great app with cool use case. Thanks! A suggestion by programmer - may be the tile of each habit can be given light shade of its color that it'd be super appealing.
P98#314	3	 || Almost perfect, but for some reason, after the update I can't turn on the datk mode, ad I can't see some writings because the font colour is white on a white background, ad it's severely hurting my eyes, please direct me to how to change to dark mode, because it's not changing with my phone's original dark mode setting either. Thanks.
