position,app_id,name,developer,global_ratings,global_avg_rating,storefronts_available,keyword_storefronts_ranked,keyword_best_rank,keyword_median_rank
1,634598719,"Noom Weight Loss, Food Tracker","Noom, Inc.",1107771,4.67,134,2,34,34.0
2,1528595748,Finch: Self-Care Pet,Finch Care Public Benefit Corporation,1012094,4.94,158,52,3,16.0
3,866450515,Forest: Focus for Productivity,"SEEKRTECH CO., LTD.",611338,4.81,154,19,25,37
4,1596403446,Me+ Lifestyle Routine,ENERJOY PTE. LTD.,571126,4.77,172,50,7,14.5
5,1263789061,ShineDay: Habit Tracker,"Guangzhou Xiaorichang Technology Co., Ltd.",562951,4.78,92,11,2,16
6,1499198946,Structured: Daily Planner Todo,unorderly GmbH,553559,4.79,170,52,2,4.0
7,1438388363,Habit Tracker,Inner Grow Limited,530893,4.78,167,52,1,1.0
8,672904239,I Am Sober,I Am Sober LLC,387777,4.86,155,19,4,33
9,626144601,TickTick:To-Do List & Calendar,Appest Limited,330600,4.86,163,32,5,31.5
10,1553223828,DailyBean - simplest journal,BlueSignum Corp.,288145,4.79,161,33,3,34
11,983826477,Productive - Habit Tracker,Mosaic S.r.l.,278701,4.55,168,52,2,7.0
12,1225155794,Flora - Green Focus,AppFinca Inc.,276257,4.76,161,8,26,38.0
13,1203637303,Fabulous: Daily Habit Tracker,Fabulous,228476,4.46,166,49,9,16
14,1194023242,Daylio Journal - Mood Tracker,Relaxio s.r.o.,191882,4.74,161,14,15,27.0
15,1638253339,AHEALTH - formerly MoneyWalk,"Gravity Labs Co., Ltd.",155474,4.36,22,1,31,31
16,1312926037,stoic. journal & mental health,Stoic app inc.,107026,4.81,163,36,9,22.5
17,1085047737,Bookly: Book Tracker,TWODOOR GAMES SRL,90956,4.6,157,3,40,44
18,6446997766,Grit: Daily Habit Tracker,GrittyApps,88112,4.8,169,45,4,17
19,1099664597,ToDo List - Daily Task Planner,Komorebi Inc.,81290,4.64,100,1,17,17
20,1111447047,Habitify: Habit Tracker,Unstatic Ltd Co,69799,4.57,156,52,5,15.0
21,963034692,Streaks,Crunchy Bagel Pty Ltd,67630,4.77,134,19,17,28
22,6475956795,Dear Me: Daily Routine Tracker,Fitself Dijital Hizmetler Anonim Sirketi,66075,4.84,148,7,7,25
23,1480220328,Tiimo: To-Do List Planner,tiimo ApS,56281,4.57,155,2,40,41.5
24,1120239484,Habit: Daily routine tracker,bondavi Inc.,53387,4.78,38,2,3,14.5
25,6744561417,Kalguroo: AI Calorie Tracker,KALGUROO COMPANY LIMITED,51771,4.82,49,1,35,35
26,1262378864,iBetter · Habit Tracker,iDaily Corp.,50039,4.83,63,2,9,9.5
27,1385049326,Tappsk: ToDo & Habit Tracker,MATVEY KONDAKOV,48377,4.73,130,15,10,33
28,1112765909,Window - Intermittent Fasting,Mosaic S.r.l.,45153,4.39,148,1,44,44
29,1450486923,"Routine Planner, Habit Tracker",Routinery Corp.,42753,4.69,150,52,6,15.5
30,1121088244,DayCount,Zaminiti Pty Ltd,41335,4.61,119,1,11,11
31,1518956326,MyRoutine: Organize your day,"Minding. co., Ltd.",37611,4.75,98,8,4,29.0
32,1445348921,Days Since: Quit Habit Tracker,A Couple of Friends OOD,37220,4.81,143,32,19,34.0
33,672401817,Strides: Habit Tracker + Goals,Goals LLC,37074,4.76,145,36,11,22.5
34,1103961876,Do Habits: Get It Done,"Kodeon, Inc.",30228,3.96,120,38,8,21.5
35,1253577148,HabitMinder • Habit Tracker,"Kodeon, Inc.",26245,4.6,144,18,2,37.0
36,1534196157,Shmoody: Mood & Habit Tracker,Moodworks Inc.,23375,4.81,125,2,40,41.0
37,940579920,Food Diary See How You Eat Log,Health Revolution Oy Ltd,22698,4.69,112,1,33,33
38,1541469491,GetHabit - Easy Habit Tracker,Fire Arc Technologies Ltd,22184,4.37,157,1,40,40
39,1439938837,Habit Streak Tracker: DotHabit,Mono Incorporated,21203,4.69,62,2,2,5.0
40,6474421906,Atoms - from Atomic Habits,Atomic Development Inc.,20857,4.81,141,48,4,22.5
41,1522121879,Habit Rabbit: Habit Tracker,Justin Patrick Silang,20387,4.65,138,52,4,12.5
42,6743095634,Critique AI: Habit Tracker,With Bytes LLC,18785,4.68,143,6,24,43.0
43,1589243137,Eden: Daily Routine Planner,Millefeuille Agency,18176,4.69,125,15,11,28
44,1477345602,Daily Habit & Routine Tracker,CREATIVE TECHNOLOGIES LLC,17526,4.73,112,25,7,24
45,1394150432,everyday - Habit Tracker,Everyday Growth S.L.,16859,4.68,143,38,8,25.0
46,393159800,Way of Life - Habit Tracker,Way of Life ApS,16049,4.76,117,20,23,36.0
47,1593891243,(Not Boring) Habits,Not Boring Software LLC,13594,4.78,133,31,6,33
48,1445651730,Habit — Daily Tracker,"Kodeon, Inc.",11148,3.72,107,8,9,24.5
49,1520435704,Digital Journal Diary,Protection & Security App LLC,10238,4.56,137,2,34,35.5
50,6443918070,Habit Tracker - HabitKit,Sebastian Roehl,9218,4.8,117,52,2,2.0
51,1547137474,Onrise: Habit Tracker & Focus,Maximilian Munker,9177,4.82,122,52,2,3.0
52,994882113,Habitica: Gamified Taskmanager,"HabitRPG, Inc.",8427,4.24,108,7,32,41
53,1563837295,Check Calendar - Habit Tracker,Naoki Otsu,7682,4.69,122,6,17,36.0
54,988402523,LifeWheel Goal Habit Tracker,Oleksandr Stepanov,6935,4.72,84,1,37,37
55,1456241316,Habit Tracker - DayStamp,동현 hwang,6609,4.69,69,23,2,32
56,6480042457,Habit Tracker - Daily Goals,Uniqo Lab FZC,6516,4.83,86,51,2,11
57,6476824223,HelloHabit - Habit Tracker,"RightLife, Inc.",5370,4.84,81,13,23,32
58,1512605216,Rabit - Daily Routine Planner,GARJ APLICATIVOS LTDA,5366,4.76,82,5,5,40
