A1#1630	3	… option to categorize my list by category. Adding the feature of separating the categories would also allow for individual progress circles which would also be great to see. This would also make it easier to make everything in that category the same colour by default. It would also be great if within a category you could pick to do 2-3 things a month. I have a lot of hobbies and I want to track to be sure I balance them properly and having it set up as a daily for each knowing I’m not going to do 90% of that list seems redundant. Example a list of 20 things and I want to do 5 a week without pi…
A1#52207	5	Awesome! || This app is awesome! It does everything I wanted in a habit tracker and is easy to use. I can create as many habits as I want. Each one custom colored, with a picture. Shows how often I’m completing each habit. Which has made me do the almost daily because I want a 100%. If you’re looking for an app to motivate you to get things done this will make it happen!
A1#52299	4	love love love but i want to customize the colors || So i’m not an old person and I still love this app for keeping me disciplined and visualizing my goals for the day, so I would definitely say it’s good for all ages. If im not organized i’ll freak out so this is super helpful. However, I want to be able to customize the colors and icons on the individual habits without having to pay for it. If I have to pay anything for premium myself and a lot of other people would just delete the app. Maybe the game developers could change it so I could watch a little add if I want to change the colors and…
A1#52481	5	ADHD approved || I’ve tried so many habit apps, but this is my favorite by FAR. It’s highly customizable, but not overwhelming like some other apps. I was even able to make all the habits the exact same color as my phone background (gray) so its not distracting. The widgets are perfect because they’re the first thing I see when I open my phone and they’re interactive so you don’t even need to remember to open the app. You can see how often you’ve completed a task this week/month/year visually and also as a percentage which is really motivating to me. You can also set reminders (or not!) for in…
A1#54014	1	Too difficult to see, gray color is too light and font is too small. Awful. || App is too difficult to read and use. Font is too light and too small.
A12#301	1	bro cmon 👎🏼👎🏼👎🏼 || i paid for the premium version and this worked for maybe 2 days before it updated. i liked the update, except after i chose one of the color options and choices, it kicked me out to my home screen, and logged me out. i tried to contact the email they list but it wouldn’t work. since then i haven’t been able to access any of the features i paid for or even the basic routine i created before.
A13#5232	3	…to set the desired configuration -if a habit comprises 3 or more actions , shouldn’t it appear since then as “omitted” just after the first action? (Even though not finished, we did not “skip” it) -why habit calendars, graphs,... are not in the same colour previously set in the habit “theme”? *Will we be able sometime soon to define OUR own challenges or to have them predefined such as e.g. read 2 books in 3 weeks, learn 100 words of a foreign language in a weekend, run 100km in a month,.. *The app rate button doesn’t work (so one has to go manually to the iOS shop) * The app version release n…
A13#13712	5	…t always a good thing with apps, but this is without a doubt one of, if not the best redesign I’ve ever seen. So much so I had to write a review when I dislike doing them. Had to give you developers the props you so deserve. Love the redesign of the colors of the icons also, it’s a nice touch. I believe they’re different hues of the same color, it looks a billion times better than the original ones to me. They look really nice. It’s important an app you’re using many times a day to better yourself makes you want to keep going back (which obviously helps you in the case of this app). And this u…
A23#2414	4	Nice app! || It&#39;s a nice app! There are, however, a few things that could be improved. I&#39;d like to see a bit more colour in the app, like perhaps the option to change the colour of the icons instead of having just one solid colour for the background. Would make the app more fun to use overall! Also, it would be nice to have the option to have a counter for different habits. For example, one of my habits is to write 1000 words a day - so it would be nice to have the option to split my habit up throughout the day. Another thing that would be great, is if I could add a weekly habit (read …
A23#4243	4	Loving it so far || Only had the app for little over a week, and so far I’m enjoying it. I am finding I wish I could add more than they allow, and I wish I could color code more than the six on a screen. for instance, I have eight health related habits I’m trying to track, and I would like to colorcode all eight health related habits the same color. But the overall app works great.
A23#4950	5	…th... So yeah it&#39;s nice to keep track of everything so easily. I use the dark theme to match my dark wallpaper and use the widgets as reminders, so that being said it gets kinda confusing when the reminders that aren&#39;t due today are the same color as the ones that actually are due just with a slight shift in Grey. It&#39;d be nice if I had an option to change so only the tasks that are due on that day lit up and they went dark AFTER you complete them, instead of being dark and turning them bright, while still keeping the dark theme. It&#39;s very difficult to see what needs to be done …
A23#5233	3	…n indications to Google or iCloud calendars the way similar apps do. Streaks supports &#34;negative&#34; habits. For example, one of my negative habits is &#34;Eating Bad Food&#34; and &#34;Breaking My Diet&#34;. A negative habit starts off brightly colored and complete, and turns into an X if you admit to breaking the chain. So far, so good. But, there are really 3 states here: (0) have not yet messed up, (1) messed up, X, and (3) got to end of day without messing up. In the calendar view, these three states are a hollow circle, an X, and a filled circle, respectively. But in the main app vie…
A24#20678	5	I feel different || After reading the different journeys in the app, I feel different. I feel better about myself. Something else I noticed was the neutral colors which made me feel calm. I’ve printed out some of the schedules and I’m going to use them. For example the list of things to do. It gives me inspiration to take better care of myself. By for example drinking lots of water.
A24#27186	1	SCAM || This app is continuously trying to charge me even though I canceled the free trial in time. And I canceled through the website as they required. SCAM Also everything about these apps are confusing. Too much going on in the interface. Too many tabs, too many colors. It’s hectic. But everything is slow in completing progress/programs. You must finish something in order to lock other things. No freedom to use app as desired.
A24#27744	3	Overwhelming, overstimulating money grab || I suffer from ADHD. I paid for the premium subscription and really thought this app could help me. Unfortunately this design is hard to follow, overstimulating, filled with too many colors and widgets and confusing badges. People download to this app because they are overwhelmed in their day-to-day lives, not because they are so bored that they are looking for more video game flourishes on an application. Maybe this is good for thirteen year old girls who have been grounded by their parents. But if you are an adult struggling to juggle real life and …
A24#32050	5	…ying it, but I was hesitant to share it with my partner because it looked so &#34;girly&#34;. Well, duh, I figured out that the background art of most functions is customizable. It&#39;s all beautiful, and there are a whole range of styles and plain colors available if you don&#39;t like what it is set at to start. The inspirational messages for morning and evening are well written, often right on target, and beautifully voice acted. My day begins and ends with these uplifting and mellifluous voices. The subscription is not cheap, so try a week or get a friend to give you a free month (you get…
A24#33986	3	Overwhelming || There’s a bit too much going on all at once here. Too many colors. Too many goals/ideas/sections. And most of them are paid anyway, so they just clog up my feed. Feels overwhelming and doesn’t help me to feel calm - instead I feel overwhelmed that I have so much to get done. Also, the onboarding for drink water - I might not want to do that. Why not give me the option to choose something I want to work towards?
A25#1052	2	No colors || The colors don’t appear as vibrant as promoted. They are washed out. Orange looks brown and blue looks almost transparent. Red appears a light pink. Disappointing UI experience.
A3#460	5	Highly Recommended || If you like to keep track of the dates and times since big events, goals, challenges or days left till assignments or whatever it might be, this app is for you. It’s aesthetically pleasing, in my experience never crashes, resets are tracked offering accuracy and so much more. Don’t let the pretty colours distract you! Download now! #NotSponsored #NotAnAd
A3#3326	5	Great app || I use it for my various addictions. Please add white, gray and black colors. Like in Narcotics Anonymous. Thanks!
A3#3989	5	Good and very useful 😚 || This app is really good although it is free, the counter for this app is also quite cool, u can set whether u want it to be years days or months I find that really interesting and plus you can set what colour u want the marking of the counter to be and there is also light and dark mode which means you can set the counter to white or black colour. This app also lets you turn counters into widgets, it can be a good decoration and u can see the dates immediately without opening the app
A3#5298	5	Quitting anything || Free app to see your progress, you can use it for more than one thing and color code/title everything it’s awesome. I have used it for since I last drank alcohol, since I deleted social media, when you stop or start doing really anything. It’s great.
A3#7296	5	Love this App || I utilize this innovative counter app for most goals. I&#39;ve loved the colors and the different headings I can put. I like the calendar being highlighted with the same color that pertains to each goal. Highly Recommended.
A3#7830	5	pleaaaaseeee add this feature 🙏 || this app is just what i was looking for to track my sobriety journey. simple and easy design. that being said, it would be so cool if instead of a plain color block background for each habit, you could upload a photo as the background. would make the process a lot more creative-oriented. i would spend more time on the app making it ✨aesthetic✨
A3#9333	4	love this app || this app is simple enough to be easy to use, yet also engaging. i really like the calendar function and the ability to see your resets. i also really like how discrete it is. however, i do wish that i could choose neutral colors for the bubbles. not a fan of the possible color association that could go along with the current selection.
A31#13	1	Don't understand || You have to click double for it to star the count and then you get one more in your count. Also when a task is complete it shows no color so you basically think it&#39;s empty or haven&#39;t finished the task. Too dumb an error hope they change it.
A31#779	3	Please bring back the old design || The new design is really bad in my opinion. Less colours (which I really liked) and worse overall view. Very unfortunate
A31#1030	3	Almost perfect || It would be nice if I could add a widget of this app to my homescreen to quickly take a look at my daily accomplishments. Also if there were more and less loud colours to chose from! Right now I’m using the App “Habit”, if you’ll change what I mentioned I will switch to this App :)
A31#1357	3	My review || I am sad that the app is not the same on the preview and no colours after u finish ur habit but good app
A31#2063	5	…the price. The user experience and design is easy to understand, the options are almost unlimited and I can see reports of how I managed to succeed my habits in the past. A must-have app for productive people. The only comment I can make is that the colours for the habits could be expanded so that people with a lot of habits can choose one individual colour for every single habit. All together a great app.…
A31#3310	2	… wanted to see my list of habits from yesterday, I would just swipe, but now I have to click the calendar, then click yesterday’s date, then click a check mark. Way too many clicks. 3) This is hopefully just a bug, but some habits no longer show the color bar when you complete them. For me, specifically, this is for Quitting-style habits. It’s still tracking the streaks for me when I complete them, but completing it for the day doesn’t change the color to the one you chose for the habit, it just remains the same color. Overall, while I like the aesthetics of the redesign, the utility of the ma…
A31#4770	5	Just what I was looking for || I’m not an app guy I actually think using a habit tracker is dumb. But I kept failing at certain daily habits so I thought I should try it. I’ve tried Streaker...but didn’t like the one color theme. I tried Productive...but it was a little too complicated for my taste and had to pay upfront before testing. Then I tried Done...and it was perfect! They let you test the app by allowing 3 initial habits to be created. If you want unlimited habits just buy the Done bundle not Growth bundle. Super simple. Intuitive. Great color palette. And enough detailed customizatio…
A31#4861	5	This app has helped me so much || I just needed something to motivate me a little and keep me going. This is the first time SINCE SEPTEMBER 2018 that I’ve been getting back on track with eating healthy every single day. This is incredible and I never would have thought it would work this well. Its free, theres so hurt trying it. But in order for it to work, YOU HAVE TO TRY and be ready to change your life. The colors are so cute the only thing is I wish there were more colors to choose from. Like one of those color palettes that have every single color lol
A4#3824	1	Overwhelming interface || Horrible user experience for my ADHD when setting up the app. First time usage, got the 1-year-plan and now there is too much going on, too much pop ups, too much color, then suddenly some videos start I can’t stop before I even take in the whole interface, too much text to read through (challenge tab) to easily filter the important information on how this works…just overall distracting and overwhelming, I did not even make it more than 5mins and had to close it. Don’t know if I want to even open it again, will cancel the plan and would not recommend for neurodivergen…
A4#12917	5	Good app, very helpful and mindful || I really this app helps me remind me and never lets me forget things, but I forget things easily and this is helpful. But the diamonds have disappeared and I have been saving them all to get a wallpaper like it said. Also ADD MORE COLORS!!! I get bored of using the same pastel colors it’s very boring and starting to get plain, I want different colors, bright and/or dark colors!!!!
A4#18638	3	…gh the app may cater primarily to women with ADHD, which doesn&#39;t fully reflect the prevalence of the condition among men. Research indicates that men with ADHD actually outnumber women by a significant margin. The design, including the choice of colors and themes, appears to lean towards a feminine aesthetic. It would be great to see more neutral color options and themes, as well as an equal representation of both male and female characters. As a user, I hope for a more inclusive experience that doesn&#39;t make me feel out of place.…
A41#9	5	Great and app with a simple and easy to use interface || Please add a small Widget, that shows the daily progress circle + percentage. And please please please, add Apples dark grey as background Color!!!!! Update: Great, that it’s now possible to have the percentage circle only! The only thing that’s left for me to be perfectly happy is a dark grey background option in the widget (just as in Apples calendar widget for example) Update 2: Thank you very much for adding a grey background option!!! Now the widget is a perfect fit for me! 👍😃
A46#1453	5	Simple, Colorful, and Fast || This App is an easy way to add habits and check them off and daily see progress. Very clean visual interface and nice colors without being distracting. Tried and already got done 4 habits in the last few hours.
A46#1507	5	Great Visual || I am using some things just for tracking. But I love the visual. I was using a white board with colors to keep my types of workouts. Now it’s on my phone and when I am traveling it’s at my fingertips.
A5#2709	5	Please consider changing the interface || I have a lot of routines, categorized by different cues. It’s hard to use them because I need to roll down to find the specific routine I need for the moment. All the routines are gray color, use same fonts, although we can change the order of the routines, but only a few can get to the top, Please add a grid view or have other ways to put routines into groups. I love your idea about adding a location feature, that’s brilliant and must have, please work on that. So far I love this app, you have helped me building good habits and building my workflow. T…
A5#3004	2	…lly, if I bought the yearly subscription, I would get a code that would cover a subscription for an additional year--2 years total. I almost bought this in a heartbeat, but I am glad that I waited. In very small fine print (that is a light gray text color against a white background, so barely visible) it states that the code cannot be used for yourself, but must be given to someone else so that you can &#34;gift&#34; Routinery to a loved one. Personally, I find this very sneaky and deceiving. Every time I decide that I would like to subscribe to the app--because it actually has helped me a lot…
A7#570	5	Simplicity is the best || So easy so intuitive and so well-showing the progress that makes my favourite keeping habits app. (Sorry for my previous rating - one star. Of course, the application deserves the maximum number of stars. It&#39;s the AppStore design on iPhone that deserves less than one star, as in dark mode there is no significant difference between the grey color - no star and the black star when pressed for rating.)
A7#725	2	Could be SO MUCH BETTER || I know the app isn&#39;t abandoned, but it feels abandoned. No cloud sync or cloudkit. No Mac app. No bad habit mode that automatically checks off days. No custom icon support (icon library very limited). No custom colors. It just feels abandoned. With a couple weekends of work the developer could be making double what they are making now with a few tweaks. C&#39;mon!
A74#147	5	Love the simplicity! || This is a great little app for keeping track of the things I need to do daily, weekly, bi-weekly and occasionally. It’s simple to use and the clean interface offers no distractions. I love have color around me in my house, but in my phone a simply black and white app (I’m using the dark mode) is so calming. Just what I need to focus on what needs doing. I only downloaded it today and am already loving it! I made 5 tabs with tasks divided between them—then rearranged the tabs to get them in a better order. I’m 69 years old and had no trouble doing any of these set-up tas…
A76#2376	5	Excellent simple habit tracker || The simplicity of this app makes it work really well. Very easy to track progress on habits and see the trend in simple yes no colours.
A76#7520	4	… of this app is the ease in tracking your own goals. It could use more depth: not just black and white, but for activities you want to do twice a day, you may not want to add separate questions for each - your list can easily get long - so alternate colors to red or green would be helpful to show half success, like yellow. Also, categories could help organize goals for those who want to do more than simple daily reviews in one or two areas of their lives. How about weekly or monthly groups with reminders. This is a great app, but it shouldn&#39;t stop here. Keep going.…
A8#94	5	Just what I needed! || I love this app! I wanted a simple habit tracker with a nice user interface that wasn’t too visually overwhelming but had all the features I wanted like a tracker page for habits, a journal, etc. The app is free and there’s no payment for a premium! It has a habit tracker where you can make your own habits and customize the date, time, and frequency of habit. There’s also a journal, a study timer and meditation timer! It’s black and white with minimal colours, and it’s pretty minimalistic.
A8#287	5	great app, no charging of any kind! || i really love this app, but one thing i would ask is if you guys could make the app icon color changeable! Like being able to change it to a white color with a blue or pink (or any pretty color) as the ring on the inside:) this isn’t a criticism, i just hide the app because it doesn’t fit with my other apps and wallpaper and would loove to be able to open it right as i’m on my home screen 😭
A8#471	3	Good || I would love some neutral colors for the habit, like black/white/grey. Also it needs to be able to get track of habits that needs to be done multiple times a day. Best regards from Italy.
A83#81	4	not showing some of my routines + widget only showing white color || some of my routines aren’t shown in my to do list! also please fix the widget because it doesn’t show my to-do and shows plain white instead
A85#2003	3	…lly, I believe small amounts of gems should be given to you if you go on habitica daily, like 1 per month, and the longer your streak gets, the more gems you’re given. It’d still make gems annoying to get for free players (2 months for a single hair color) and keep players keeping up their habits naturally while still being able to do fun activities like quests.…
P110#1857	5	 || Absolutely fantastic app,easy to use great help for individual employees.thanks to developer for creating this app.Bro one more request please add one more colour for users.
P110#3274	4	 || This app very Good. Please add one more colour.,
P12#7989	1	 || there is literally WAY too much stuff in this app and there is so much clutter that idk if there's just literally nothing to do or you have to pay to unlock the clutter. either way there's too many colours, too many boxes, to many pop ups, too much.
P12#11961	3	 || The app offers amazing features, but the UI can be overwhelming. Too many colors, too much clutter, not enough visual hierarchy. I get that the devs want to make it pretty, but I think that a habit-building app should put more effort into making the UX as intuitive as possible, especially since its target are people that get distracted easily. I have nothing against pretty reward screens, but menus should be leaner. Also, why is it so hard to manage my subscription? A direct link would be nice.
P12#13477	4	 || I like the app, however, the interface is a bit too much. I prefer cleaner less colors and pictures. It helps me to focus better. I find myself getting distracted easily with all that is going on with the layout and interface. But I do enjoy and like the daily prompts for the activities I choose to wake up with. The exercises are great and love those!
P12#15382	4	 || The UI can be little simplified. It has too many colours which distracts users
P12#17293	3	 || UI is great. Ux is bad. Too many things, too many colors too much confusion. Also, the trial, subscription amd other aspects dont work properly. Please qork om these to make it a good app.
P12#24189	1	 || So many error, after write my profile the screen went black, and i have restart the app. After restart the app i have to answer some questions, but your background didn't show up, and the text use white color so i can't read the questions..
P12#28531	2	 || the concept is amazing, and the app would be as well if it actually worked right. idk if this is just a problem with my device or something, but it seems that all the text that appears in the app is the exact same color as the background?? like you can't even read any of it-
P12#57359	3	…postpone something then it only adds up Suggestion: add "light mode" that would add just an easy check-boxes list that I can quickly go through. All on one screen. Maybe even without bringing the app up to full screen 2. Interface is overloaded with colors even despite you trying to keep it simple and 'material'. Too many colours and boxes. That is distracting. And I need to focus on the app every time because there are new cards popping up. Suggestion: make the first screen only with what is valuable NOW 3. list of routines and checkboxes. (you can add a small link next to every habit is ther…
P123#762	4	 || Loved it but 4 star for no Data Back up system and Synchronisation, No color options available to choose improve it please and By the way App is very Important!
P125#5363	3	 || Just downloaded and will update my review in time. Initial thought, I would recommend darker or less pastel color combinations on the main interface as it is difficult to see light pastel text on light pastel background for color blind or visually impaired individuals. I was able to solve the issue by turning on dark mode but would prefer a darker, non pastel color combo with contrasting color text. This is not an aesthetic criticism. It would be helpful for those visually impaired i feel.
P19#356	5	 || Its nice and minimal and the colors used in theses apps are really good
P2#2137	5	 || I finally purchased the premium out of desperation. And it's so relieving to be able to have unlimited number of habits. I am really in a helpless state right now with my sleep deprivation and procrastination. If you could allow us to customize the alarm sound for every habit, it would really be helpful since there is an alarm sound that sounds like "pressure" while another sounds like "a new start". Also, a plain white background color will also be great for the eyes. Thank you so much.
P2#6660	3	 || There is no customization of color allowed. Also no separate priorities for separate tasks. There is no web interface. So if you login from a different device, with the same username, everything is blank. You have to manually back up, restore and thats how you transfer them. Not a straightforward way. My phone died, and with that, vanished all my data. Overall, it is a useful app but not a reliable one. I am a premium user. No auto backup made.
P2#7553	4	 || Thanks. I went ahead and paid to try the widget.Category colors are still limited to bright colors. Free colors horridly garish and no way to test how widget works without buying premium. I just want a way to have a simple widget but I can click throughout the day for habits and tasks. This app how does simplicity I'm looking for, and the price is fair if I decide I want to upgrade to more customization. However if I can't try out the widget without paying,
P2#19707	4	 || La aplicación me ha funcionando muy bien, también me ha ayudado con mejorar mis hábitos, pero la forma de visualizar el calendario no es el mismo que muestra como publicidad, no tiene ningún color ni se ven los días que tengo tareas etc, solo un calendario gris sin ninguns información adicional a menos que ingrese a algún día, quizás sea para la versión pagada...
P22#568	4	 || Simplistic and easy to use. Love the minimalism I'd love for the calendar to indicate one solid colour or huge tick or something when an entire day's habits are achieved. The little circles are a little hard to follow when you have more than 5 habits a day
P24#15212	5	 || I have downloaded other habit apps and this is by far the best. It's simple, no wierd colours and the non premium is not limited at all. Just brilliant. X
P24#15593	3	 || I wish I didn't have to switch pages/screens to track my other habits. I'd like them to be all on one calendar but color coded or something.
P3#1514	4	 || I liked the Minimalistic design. overall, it has quite some useful features. One improvement I can suggest is to add a different color in the Calendar for the "No" ticks. That way we can differentiate easily in the Calendar when we have done or not done a Habit. As of now, all the ticks are of the same color.
P3#3435	5	 || The 'x' and '?' should shouldn't be the same color in the calendar
P3#3466	5	 || Perfect application for tracking your habits. To be honest, I love tracking my habits and progress on a paper and not as digitally but I wanted some tiny subtle changes over my habits so that it keeps providing me those small dopamine and small portion of joy!. Hence, this application is the perfect one with no saturated color combination to get addicted to it but short, simple, very effective and accurate with my database.
P3#3912	5	 || Simple to use, easy to eyes. Great app. 1 suggestion - can you make the 'x' symbol of the same color as its corresponding habit. Currently it's of 'grey' color, same as the '?' sign, which makes it indistinguishable sometimes.
P3#9714	5	 || my physical habit tracker book was coming to an end and loop was on my wishlist for quite some time so i decided to try it out. first impressions were great all round, im already in love w it, it's so simple and clean! the colours are well chosen and the stats page is a blessing! i think ill be using this for a very long time. just a few suggestions, it would be nice if you could add a title to each colour(shown on stats page) and if you could select one colour of tasks to look at at one time
P3#10836	5	 || When I choose white or grey colour of habbit, main line is black on the widget and invisible on black background. Everything else is perfect.
P3#11810	5	 || Useful simple apps, if this apps can show progress by task with same color, that would be great
P3#14430	5	 || I can't put up with see widget without his colour, you'd add more widgets. It's a good strategy, it encourages me. Great app, please more widgets.
P31#396	3	 || I'm not sure why they changed the UI of the habits view, but I liked the old compact view so much better :( The new one looks too cold and sterile (also ends up being much less coloured), the previous one had a more unique, aesthetic and distinctive look. I hope they'll change it back because the old UI was what drew me into trying this app in the first place. Now it just looks as depressing as many others. :( I wish I could download the previous version and just use that instead...
P4#14780	2	 || Overcrowded app with too many different options which are arranged somewhat chaotically. Too many questions with too much colour's (sometimes too childish graphics).
P4#22134	5	 || I enjoyed this app especially when I was in a hard period in my life. I was having trouble with my family, I have adhd and I had problems with school. This was helpful to keep me on task. It's full of life with the mellow colours unlike many clock apps where there is no choice of colour. I wish it was free, but it would be worth it to pay because you can tell how much effort was put in the app.
P4#25549	3	 || Unreadable, the text is almost the same colour as the background and can't read anything!!! I'm not able to use the app like this, please fix it, because it seems useful!
P4#28766	1	 || I can't even start with this app because of a design flaw. I can't answer the questions because I can't see them. Both the background and the font are white or of the same color
P44#88	5	 || Great app. Easy to use. Ideal for accountability for anything you you want to be consistent with eg projects, exercise, diet, jobs etc. Request: A dual option, eg if I walk or use the gym I would like to have a dual goal in the one tracker. This could be two tone. The box would fill as one or both colours.
P46#5	5	 || It’s brilliant, but I’d suggest adding a category, as I’ve had to work a workaround myself to change the colours for different categories – I’ve given the same category the same colour. However, to keep my personal and work matters separate, I have to use two separate apps so that the results don’t get mixed up.
P61#91	5	 || OVERALL: does exactly what i need without distractions. if you're like me, and you lose motivation when your self care pet dies/gets sad or you get easily distracted by too many fancy features, this app is perfect. PROS: adorable and simple; a habit tracker AND a to-do list; cute minimalist color themes; doesn't make you feel bad for missing days; orders tasks by priority. CONS: no calendar view; no separate tab for managing habits; most colors only available through premium; limited habits.
P65#1187	5	 || Hi prediction plan team of this Five star ***** app best app ever no need more colors dont need update every is fine for now days this app have everything what you need easy to use cloud store data dont need you everything is working nice. Thx 4 create this app i think i dont find this app no need amazing app bb.
P65#7904	5	 || I like this apps, but sadly no color setting and time end. Hopefully next release can make better improvement. Thanks.
P65#15502	1	 || Don't like it, because it has grey colour and I can't change it
P70#478	4	 || I love the way of marking the boxes as "done" is filling all the square with a plain color. Other apps are just using a ✓ and is not the same sensation of archivement. I would appreciate "more different colors" though. Suggestions: The widget would be better if having the date. The frequency settings for a task could be better if we can also customize "x times per week/month"
P8#959	4	 || The overall experience and everything in the app is excellent, but I wish you could have added one more feature: a Habit Tracker & Journal. Of course, you provide us with the continuous days of streaks where we completed a task, but I wish there was a calendar or some matrix that would show how many days we have completed certain tasks. For example, in a monthly or yearly calendar, there could be one color marking days with streaks and another color for days without streaks....
P8#1375	4	 || Good but has potential to be great. Following are a few suggestions. Note: All are related to widgets 1. In habits the widget does not display the count number (it only shows '+' or '-' and title) 2. To-Do widget is appealing to look at. Please take inspiration from google tasks. They keep it simple and users can interact with the app through a widget (I cannot look at the details of a task, I have to go through the app icon). Colors for To-Do are herondus. Too many colors.
P8#6077	2	 || It was a great app until the latest update. The screencaps are deceptive: looks like the pets and mounts are larger, but on an s10+ they are so tiny you can't tell one colored blob from another. The sole reason I used Habitica has been ruined.
P8#6136	1	 || Recent update has so many bugs. Tasks and habits will be gone upon first opening the app. I have to restart the app every time I want to do something. Save and delete buttons are the same color as the banner or gone entirely. I love this game but I'm about to be done after this update. 🙁
P8#6152	4	 || Just installed yesterday and have used it for a whole day. The app is very helpful is setting concrete habits to reinforce or discourage and comes in the familiar set up of a video game. I'd definitely recommend this to others who are trying to develop themselves. One minor issue is that in some dark app themes, the delete and save button can't be seen because the text and background have the same color. Other than that, the app works fine.
P81#69	5	 || Please pleaseeeee add Black and Grey to the color options 😭 I've bought premium. Please add those colors 😭
P86#185	2	 || Way too overwhelming, too many colours, options, sites, not to mention the morning motivation tracks where a woman screamed "yeeees!!!" for 10 times. I am sure this is a wonderful idea but I felt like I am joining a cult.
P9#336	5	 || Awesome app with beautiful design! What I wish for is some way to make a habit as a "negative habit", for things to avoid or habits to quit. It's possible to do this with the existing system, but having something where the default is "good" (maybe we choose a color like green), and if we increment a day that means a relapse happened and it shows in red (or some color we choose, or just no color).
P9#1320	5	 || Just a great app. You can see your streaks, colorcode habits, great icon library. It doesnt burden you with immense features and it forces you to think simply about your desired habits. I break down an outcome into 2-3 keystone habits that make it inevitable and give them all the same color together. And just use this daily to mark them. It's the only productivity/habit app I use. Try it for yourself.
